Eyetracker timestamp,Gaze point X,Gaze point Y,Gaze point left X,Gaze point left Y,Gaze point right X,Gaze point right Y,Validity left,Validity right,area_flg
1552650106.0,981.0,405.0,974.0,397.0,988.0,413.0,Valid,Valid,opt-3
1552666166.0,979.0,406.0,972.0,402.0,986.0,411.0,Valid,Valid,opt-3
1552682972.0,984.0,416.0,984.0,409.0,985.0,422.0,Valid,Valid,opt-3
1552700025.0,988.0,412.0,989.0,404.0,987.0,419.0,Valid,Valid,opt-3
1552716035.0,951.0,430.0,,,951.0,430.0,Invalid,Valid,opt-3
1552732887.0,,,,,,,Invalid,Invalid,Outside
1552749821.0,,,,,,,Invalid,Invalid,Outside
1552766001.0,,,,,,,Invalid,Invalid,Outside
1552782899.0,,,,,,,Invalid,Invalid,Outside
1552799626.0,,,,,,,Invalid,Invalid,Outside
1552815967.0,878.0,511.0,,,878.0,511.0,Invalid,Valid,opt-2
1552832911.0,872.0,497.0,820.0,500.0,924.0,495.0,Valid,Valid,opt-2
1552849781.0,852.0,501.0,824.0,498.0,879.0,504.0,Valid,Valid,opt-2
1552865933.0,873.0,527.0,849.0,524.0,896.0,531.0,Valid,Valid,opt-2
1552882826.0,868.0,523.0,840.0,519.0,896.0,527.0,Valid,Valid,opt-2
1552899706.0,869.0,526.0,829.0,522.0,910.0,529.0,Valid,Valid,opt-2
1552915899.0,866.0,516.0,831.0,505.0,902.0,527.0,Valid,Valid,opt-2
1552932645.0,867.0,512.0,838.0,503.0,896.0,521.0,Valid,Valid,opt-2
1552949626.0,859.0,510.0,831.0,506.0,886.0,513.0,Valid,Valid,opt-2
1552965769.0,847.0,514.0,806.0,511.0,888.0,516.0,Valid,Valid,opt-2
1552982561.0,853.0,510.0,825.0,516.0,880.0,504.0,Valid,Valid,opt-2
1552999546.0,818.0,496.0,783.0,501.0,854.0,491.0,Valid,Valid,opt-2
1553015638.0,608.0,404.0,539.0,381.0,676.0,426.0,Valid,Valid,question_graph
1553032476.0,440.0,291.0,421.0,292.0,459.0,289.0,Valid,Valid,question_graph
1553049466.0,361.0,230.0,339.0,220.0,383.0,241.0,Valid,Valid,question_graph
1553065508.0,354.0,236.0,337.0,219.0,372.0,253.0,Valid,Valid,question_graph
1553082295.0,362.0,234.0,346.0,217.0,379.0,252.0,Valid,Valid,question_graph
1553099386.0,385.0,245.0,,,385.0,245.0,Invalid,Valid,question_graph
1553115474.0,357.0,232.0,338.0,226.0,376.0,237.0,Valid,Valid,question_graph
1553132210.0,361.0,230.0,339.0,225.0,384.0,236.0,Valid,Valid,question_graph
1553149305.0,372.0,230.0,,,372.0,230.0,Invalid,Valid,question_graph
1553165440.0,349.0,229.0,335.0,219.0,364.0,239.0,Valid,Valid,question_graph
1553182126.0,342.0,222.0,331.0,216.0,353.0,229.0,Valid,Valid,question_graph
1553199225.0,308.0,221.0,,,308.0,221.0,Invalid,Valid,question_graph
1553215309.0,292.0,212.0,289.0,201.0,294.0,224.0,Valid,Valid,question_graph
1553232041.0,290.0,212.0,286.0,203.0,293.0,220.0,Valid,Valid,question_graph
1553249146.0,280.0,225.0,,,280.0,225.0,Invalid,Valid,question_graph
1553265275.0,274.0,222.0,282.0,220.0,267.0,224.0,Valid,Valid,question_graph
1553281956.0,276.0,223.0,289.0,221.0,264.0,224.0,Valid,Valid,question_graph
1553299066.0,260.0,234.0,,,260.0,234.0,Invalid,Valid,question_graph
1553315144.0,268.0,219.0,275.0,214.0,262.0,223.0,Valid,Valid,question_graph
1553331872.0,262.0,212.0,267.0,215.0,258.0,209.0,Valid,Valid,question_graph
1553348986.0,257.0,203.0,,,257.0,203.0,Invalid,Valid,question_graph
1553365110.0,267.0,197.0,266.0,195.0,268.0,198.0,Valid,Valid,question_graph
1553381787.0,267.0,188.0,269.0,185.0,265.0,192.0,Valid,Valid,question_graph
1553398906.0,254.0,191.0,,,254.0,191.0,Invalid,Valid,question_graph
1553414980.0,259.0,192.0,268.0,191.0,251.0,193.0,Valid,Valid,question_graph
1553431800.0,297.0,192.0,290.0,188.0,303.0,195.0,Valid,Valid,question_graph
1553448826.0,378.0,184.0,,,378.0,184.0,Invalid,Valid,question_graph
1553464946.0,433.0,172.0,430.0,153.0,436.0,190.0,Valid,Valid,question_graph
1553481618.0,421.0,170.0,420.0,163.0,422.0,178.0,Valid,Valid,question_graph
1553498746.0,,,,,,,Invalid,Invalid,Outside
1553514815.0,432.0,175.0,435.0,169.0,429.0,181.0,Valid,Valid,question_graph
1553531533.0,431.0,174.0,435.0,170.0,427.0,178.0,Valid,Valid,question_graph
1553548665.0,415.0,176.0,,,415.0,176.0,Invalid,Valid,question_graph
1553564781.0,421.0,177.0,426.0,181.0,417.0,173.0,Valid,Valid,question_graph
1553581545.0,427.0,181.0,431.0,180.0,423.0,181.0,Valid,Valid,question_graph
1553598586.0,433.0,187.0,,,433.0,187.0,Invalid,Valid,question_graph
1553614651.0,436.0,177.0,434.0,171.0,438.0,184.0,Valid,Valid,question_graph
1553631364.0,466.0,177.0,458.0,168.0,475.0,185.0,Valid,Valid,question_graph
1553648506.0,532.0,176.0,,,532.0,176.0,Invalid,Valid,question_graph
1553664617.0,530.0,183.0,513.0,183.0,548.0,183.0,Valid,Valid,question_graph
1553681376.0,525.0,183.0,506.0,184.0,544.0,182.0,Valid,Valid,question_graph
1553698426.0,555.0,191.0,,,555.0,191.0,Invalid,Valid,question_graph
1553714583.0,530.0,190.0,507.0,186.0,552.0,195.0,Valid,Valid,question_graph
1553731292.0,523.0,195.0,507.0,191.0,539.0,199.0,Valid,Valid,question_graph
1553748345.0,533.0,192.0,,,533.0,192.0,Invalid,Valid,question_graph
1553764452.0,529.0,193.0,518.0,191.0,541.0,196.0,Valid,Valid,question_graph
1553781207.0,527.0,197.0,518.0,196.0,535.0,197.0,Valid,Valid,question_graph
1553798266.0,541.0,198.0,,,541.0,198.0,Invalid,Valid,question_graph
1553814321.0,526.0,203.0,521.0,201.0,530.0,206.0,Valid,Valid,question_graph
1553831122.0,526.0,208.0,519.0,201.0,532.0,214.0,Valid,Valid,question_graph
1553848186.0,539.0,214.0,,,539.0,214.0,Invalid,Valid,question_graph
1553864287.0,528.0,205.0,512.0,202.0,545.0,208.0,Valid,Valid,question_graph
1553881038.0,526.0,206.0,512.0,204.0,539.0,209.0,Valid,Valid,question_graph
1553898105.0,534.0,213.0,,,534.0,213.0,Invalid,Valid,question_graph
1553914157.0,476.0,222.0,455.0,222.0,497.0,222.0,Valid,Valid,question_graph
1553930953.0,404.0,226.0,402.0,232.0,407.0,220.0,Valid,Valid,question_graph
1553948026.0,369.0,227.0,,,369.0,227.0,Invalid,Valid,question_graph
1553964123.0,353.0,225.0,352.0,227.0,353.0,223.0,Valid,Valid,question_graph
1553980869.0,347.0,221.0,351.0,226.0,343.0,216.0,Valid,Valid,question_graph
1553997946.0,358.0,215.0,,,358.0,215.0,Invalid,Valid,question_graph
1554014089.0,350.0,209.0,355.0,216.0,344.0,202.0,Valid,Valid,question_graph
1554030784.0,352.0,211.0,364.0,213.0,340.0,208.0,Valid,Valid,question_graph
1554047866.0,350.0,208.0,,,350.0,208.0,Invalid,Valid,question_graph
1554063958.0,354.0,209.0,359.0,210.0,350.0,208.0,Valid,Valid,question_graph
1554080699.0,350.0,211.0,351.0,214.0,348.0,207.0,Valid,Valid,question_graph
1554097786.0,344.0,206.0,,,344.0,206.0,Invalid,Valid,question_graph
1554113924.0,354.0,211.0,360.0,211.0,348.0,212.0,Valid,Valid,question_graph
1554130615.0,351.0,213.0,362.0,212.0,339.0,215.0,Valid,Valid,question_graph
1554147706.0,348.0,209.0,360.0,201.0,335.0,218.0,Valid,Valid,question_graph
1554163794.0,358.0,212.0,370.0,206.0,345.0,219.0,Valid,Valid,question_graph
1554180530.0,354.0,212.0,369.0,207.0,340.0,216.0,Valid,Valid,question_graph
1554197626.0,350.0,223.0,,,350.0,223.0,Invalid,Valid,question_graph
1554213663.0,349.0,213.0,360.0,208.0,337.0,217.0,Valid,Valid,question_graph
1554230446.0,370.0,206.0,378.0,202.0,362.0,211.0,Valid,Valid,question_graph
1554247546.0,403.0,211.0,,,403.0,211.0,Invalid,Valid,question_graph
1554263629.0,457.0,216.0,467.0,209.0,446.0,222.0,Valid,Valid,question_graph
1554280361.0,454.0,214.0,461.0,209.0,447.0,219.0,Valid,Valid,question_graph
1554297466.0,460.0,215.0,465.0,208.0,456.0,221.0,Valid,Valid,question_graph
1554313498.0,448.0,206.0,460.0,200.0,436.0,212.0,Valid,Valid,question_graph
1554330276.0,443.0,195.0,465.0,190.0,421.0,200.0,Valid,Valid,question_graph
1554347385.0,441.0,191.0,456.0,192.0,426.0,191.0,Valid,Valid,question_graph
1554363368.0,428.0,198.0,445.0,199.0,412.0,197.0,Valid,Valid,question_graph
1554380192.0,431.0,194.0,446.0,196.0,416.0,193.0,Valid,Valid,question_graph
1554397305.0,451.0,194.0,451.0,194.0,,,Valid,Invalid,question_graph
1554413334.0,445.0,191.0,465.0,192.0,426.0,191.0,Valid,Valid,question_graph
1554430107.0,457.0,200.0,467.0,196.0,447.0,203.0,Valid,Valid,question_graph
1554447226.0,531.0,203.0,545.0,199.0,517.0,206.0,Valid,Valid,question_graph
1554463203.0,742.0,190.0,751.0,177.0,733.0,202.0,Valid,Valid,question_graph
1554479926.0,808.0,187.0,826.0,173.0,791.0,201.0,Valid,Valid,Outside
1554497146.0,810.0,180.0,826.0,165.0,794.0,195.0,Valid,Valid,Outside
1554513169.0,820.0,183.0,828.0,166.0,812.0,199.0,Valid,Valid,Outside
1554529938.0,830.0,182.0,833.0,161.0,828.0,203.0,Valid,Valid,Outside
1554547066.0,840.0,187.0,849.0,164.0,831.0,209.0,Valid,Valid,Outside
1554563039.0,846.0,192.0,853.0,176.0,839.0,209.0,Valid,Valid,opt-4
1554579853.0,831.0,195.0,844.0,172.0,819.0,218.0,Valid,Valid,opt-4
1554596985.0,828.0,207.0,835.0,175.0,821.0,238.0,Valid,Valid,opt-4
1554613005.0,836.0,206.0,837.0,181.0,836.0,230.0,Valid,Valid,opt-4
1554629769.0,835.0,188.0,835.0,188.0,,,Valid,Invalid,Outside
1554646906.0,795.0,207.0,807.0,186.0,784.0,227.0,Valid,Valid,opt-4
1554662971.0,806.0,213.0,818.0,193.0,793.0,232.0,Valid,Valid,opt-4
1554679781.0,802.0,215.0,806.0,193.0,798.0,238.0,Valid,Valid,opt-4
1554696826.0,800.0,216.0,801.0,195.0,799.0,237.0,Valid,Valid,opt-4
1554712840.0,821.0,190.0,821.0,190.0,,,Valid,Invalid,opt-4
1554729793.0,809.0,200.0,809.0,200.0,,,Valid,Invalid,opt-4
1554746745.0,801.0,191.0,801.0,191.0,,,Valid,Invalid,opt-4
1554762806.0,800.0,197.0,800.0,197.0,,,Valid,Invalid,opt-4
1554779805.0,,,,,,,Invalid,Invalid,Outside
1554796665.0,953.0,203.0,953.0,203.0,,,Valid,Invalid,opt-4
1554812675.0,1040.0,208.0,1040.0,208.0,,,Valid,Invalid,opt-4
1554829628.0,,,,,,,Invalid,Invalid,Outside
1554846586.0,1074.0,197.0,1074.0,197.0,,,Valid,Invalid,opt-4
1554862641.0,1083.0,189.0,1083.0,189.0,,,Valid,Invalid,Outside
1554879594.0,1073.0,186.0,1073.0,186.0,,,Valid,Invalid,Outside
1554896506.0,1074.0,189.0,1074.0,189.0,,,Valid,Invalid,Outside
1554912511.0,1070.0,187.0,1070.0,187.0,,,Valid,Invalid,Outside
1554929606.0,1064.0,189.0,1064.0,189.0,,,Valid,Invalid,Outside
1554946426.0,1058.0,192.0,1058.0,192.0,,,Valid,Invalid,opt-4
1554962477.0,1070.0,189.0,1070.0,189.0,,,Valid,Invalid,Outside
1554979618.0,1075.0,195.0,1075.0,195.0,,,Valid,Invalid,opt-4
1554996346.0,1079.0,190.0,1079.0,190.0,,,Valid,Invalid,opt-4
1555012443.0,1085.0,201.0,1085.0,201.0,,,Valid,Invalid,opt-4
1555029630.0,1165.0,205.0,1165.0,205.0,,,Valid,Invalid,opt-4
1555046266.0,1195.0,190.0,1195.0,190.0,,,Valid,Invalid,opt-4
1555062409.0,1211.0,183.0,1211.0,183.0,,,Valid,Invalid,Outside
1555079546.0,1218.0,191.0,1218.0,191.0,,,Valid,Invalid,opt-4
1555096186.0,1223.0,176.0,1223.0,176.0,,,Valid,Invalid,Outside
1555112278.0,1212.0,173.0,1212.0,173.0,,,Valid,Invalid,Outside
1555129558.0,1229.0,174.0,1229.0,174.0,,,Valid,Invalid,Outside
1555146115.0,1228.0,172.0,1228.0,172.0,,,Valid,Invalid,Outside
1555162253.0,1217.0,171.0,1217.0,171.0,,,Valid,Invalid,Outside
1555179385.0,1222.0,181.0,1222.0,181.0,,,Valid,Invalid,Outside
1555196035.0,1232.0,204.0,1232.0,204.0,,,Valid,Invalid,opt-4
1555212219.0,1218.0,205.0,1218.0,205.0,,,Valid,Invalid,opt-4
1555229397.0,1221.0,186.0,1221.0,186.0,,,Valid,Invalid,Outside
1555245955.0,1260.0,173.0,1260.0,173.0,,,Valid,Invalid,Outside
1555262185.0,1361.0,179.0,1361.0,179.0,,,Valid,Invalid,Outside
1555279216.0,1418.0,175.0,1418.0,175.0,,,Valid,Invalid,Outside
1555295875.0,1436.0,158.0,1436.0,158.0,,,Valid,Invalid,Outside
1555312055.0,1436.0,163.0,1436.0,163.0,,,Valid,Invalid,Outside
1555329035.0,1434.0,160.0,1434.0,160.0,,,Valid,Invalid,Outside
1555345795.0,1432.0,155.0,1432.0,155.0,,,Valid,Invalid,Outside
1555361925.0,1432.0,147.0,1432.0,147.0,,,Valid,Invalid,Outside
1555378854.0,1446.0,145.0,1446.0,145.0,,,Valid,Invalid,Outside
1555395715.0,1459.0,150.0,1459.0,150.0,,,Valid,Invalid,Outside
1555411793.0,1454.0,155.0,1454.0,155.0,,,Valid,Invalid,Outside
1555428673.0,1464.0,141.0,1464.0,141.0,,,Valid,Invalid,Outside
1555445635.0,1457.0,140.0,1457.0,140.0,,,Valid,Invalid,Outside
1555461663.0,1457.0,140.0,1457.0,140.0,,,Valid,Invalid,Outside
1555478491.0,1451.0,148.0,1451.0,148.0,,,Valid,Invalid,Outside
1555495555.0,1457.0,148.0,1457.0,148.0,,,Valid,Invalid,Outside
1555511532.0,1497.0,156.0,1497.0,156.0,,,Valid,Invalid,Outside
1555528503.0,1579.0,158.0,1579.0,158.0,,,Valid,Invalid,Outside
1555545475.0,1576.0,158.0,1576.0,158.0,,,Valid,Invalid,Outside
1555561498.0,1582.0,154.0,1582.0,154.0,,,Valid,Invalid,Outside
1555578419.0,1583.0,151.0,1583.0,151.0,,,Valid,Invalid,Outside
1555595395.0,1587.0,150.0,1587.0,150.0,,,Valid,Invalid,Outside
1555611368.0,1590.0,145.0,1590.0,145.0,,,Valid,Invalid,Outside
1555628334.0,1596.0,140.0,1596.0,140.0,,,Valid,Invalid,Outside
1555645315.0,1592.0,137.0,1592.0,137.0,,,Valid,Invalid,Outside
1555661238.0,1592.0,142.0,1592.0,142.0,,,Valid,Invalid,Outside
1555678154.0,1588.0,145.0,1588.0,145.0,,,Valid,Invalid,Outside
1555695225.0,1589.0,142.0,1589.0,142.0,,,Valid,Invalid,Outside
1555711194.0,1592.0,144.0,1592.0,144.0,,,Valid,Invalid,Outside
1555728059.0,1430.0,150.0,1430.0,150.0,,,Valid,Invalid,Outside
1555745146.0,1001.0,156.0,1001.0,156.0,,,Valid,Invalid,Outside
1555761063.0,617.0,202.0,617.0,202.0,,,Valid,Invalid,question_graph
1555778071.0,321.0,233.0,360.0,211.0,283.0,254.0,Valid,Valid,question_graph
1555795075.0,284.0,239.0,292.0,230.0,275.0,247.0,Valid,Valid,question_graph
1555811038.0,272.0,227.0,281.0,212.0,263.0,243.0,Valid,Valid,question_graph
1555827890.0,279.0,233.0,282.0,222.0,276.0,243.0,Valid,Valid,question_graph
1555844986.0,276.0,241.0,293.0,245.0,260.0,236.0,Valid,Valid,question_graph
1555860995.0,265.0,236.0,281.0,237.0,250.0,235.0,Valid,Valid,question_graph
1555877709.0,266.0,227.0,264.0,216.0,269.0,238.0,Valid,Valid,question_graph
1555894906.0,255.0,226.0,259.0,222.0,250.0,231.0,Valid,Valid,question_graph
1555910865.0,245.0,221.0,257.0,216.0,234.0,226.0,Valid,Valid,question_graph
1555927528.0,242.0,214.0,258.0,206.0,226.0,222.0,Valid,Valid,question_graph
1555944826.0,245.0,216.0,256.0,212.0,234.0,220.0,Valid,Valid,question_graph
1555960734.0,257.0,215.0,274.0,212.0,239.0,218.0,Valid,Valid,question_graph
1555977540.0,263.0,222.0,275.0,223.0,252.0,221.0,Valid,Valid,question_graph
1555994746.0,262.0,218.0,271.0,220.0,254.0,216.0,Valid,Valid,question_graph
1556010700.0,345.0,218.0,345.0,216.0,344.0,220.0,Valid,Valid,question_graph
1556027455.0,476.0,210.0,473.0,196.0,478.0,224.0,Valid,Valid,question_graph
1556044665.0,521.0,209.0,525.0,191.0,518.0,226.0,Valid,Valid,question_graph
1556060666.0,521.0,217.0,529.0,204.0,513.0,229.0,Valid,Valid,question_graph
1556077371.0,526.0,219.0,538.0,205.0,515.0,232.0,Valid,Valid,question_graph
1556094586.0,524.0,228.0,528.0,216.0,520.0,239.0,Valid,Valid,question_graph
1556110536.0,533.0,224.0,532.0,210.0,535.0,237.0,Valid,Valid,question_graph
1556127286.0,530.0,225.0,533.0,209.0,527.0,241.0,Valid,Valid,question_graph
1556144506.0,545.0,229.0,544.0,212.0,546.0,245.0,Valid,Valid,question_graph
1556160502.0,545.0,237.0,529.0,220.0,561.0,255.0,Valid,Valid,question_graph
1556177201.0,548.0,239.0,534.0,224.0,562.0,254.0,Valid,Valid,question_graph
1556194426.0,555.0,236.0,547.0,218.0,562.0,253.0,Valid,Valid,question_graph
1556210371.0,601.0,238.0,588.0,217.0,613.0,260.0,Valid,Valid,question_graph
1556227117.0,691.0,225.0,684.0,207.0,698.0,243.0,Valid,Valid,question_graph
1556244346.0,730.0,222.0,711.0,205.0,748.0,240.0,Valid,Valid,question_graph
1556260337.0,737.0,223.0,728.0,202.0,745.0,244.0,Valid,Valid,question_graph
1556277032.0,737.0,219.0,741.0,202.0,733.0,236.0,Valid,Valid,question_graph
1556294265.0,740.0,223.0,742.0,202.0,737.0,243.0,Valid,Valid,question_graph
1556310206.0,743.0,230.0,742.0,212.0,744.0,249.0,Valid,Valid,question_graph
1556326948.0,741.0,233.0,740.0,209.0,743.0,256.0,Valid,Valid,question_graph
1556344186.0,725.0,234.0,718.0,212.0,732.0,255.0,Valid,Valid,question_graph
1556360076.0,726.0,237.0,726.0,215.0,725.0,259.0,Valid,Valid,question_graph
1556376863.0,734.0,238.0,738.0,215.0,731.0,260.0,Valid,Valid,question_graph
1556394106.0,737.0,238.0,734.0,214.0,740.0,261.0,Valid,Valid,question_graph
1556410042.0,735.0,237.0,742.0,210.0,729.0,263.0,Valid,Valid,question_graph
1556426778.0,726.0,237.0,729.0,213.0,723.0,262.0,Valid,Valid,question_graph
1556444026.0,735.0,249.0,728.0,226.0,741.0,273.0,Valid,Valid,question_graph
1556459911.0,804.0,255.0,800.0,230.0,808.0,280.0,Valid,Valid,opt-4
1556476694.0,866.0,250.0,858.0,229.0,874.0,271.0,Valid,Valid,opt-4
1556493945.0,865.0,243.0,859.0,214.0,871.0,273.0,Valid,Valid,opt-4
1556509877.0,866.0,248.0,859.0,213.0,874.0,284.0,Valid,Valid,opt-4
1556526609.0,866.0,245.0,866.0,211.0,866.0,279.0,Valid,Valid,opt-4
1556543866.0,869.0,244.0,867.0,210.0,871.0,278.0,Valid,Valid,opt-4
1556559747.0,870.0,252.0,867.0,223.0,872.0,282.0,Valid,Valid,opt-4
1556576525.0,867.0,251.0,863.0,221.0,871.0,280.0,Valid,Valid,opt-4
1556593786.0,872.0,248.0,877.0,218.0,866.0,278.0,Valid,Valid,opt-4
1556609713.0,872.0,248.0,870.0,217.0,875.0,278.0,Valid,Valid,opt-4
1556626440.0,869.0,249.0,867.0,215.0,872.0,283.0,Valid,Valid,opt-4
1556643706.0,865.0,257.0,863.0,225.0,867.0,288.0,Valid,Valid,opt-4
1556659582.0,938.0,257.0,950.0,220.0,927.0,295.0,Valid,Valid,opt-4
1556676355.0,1051.0,257.0,1036.0,222.0,1067.0,291.0,Valid,Valid,opt-4
1556693626.0,1081.0,256.0,1072.0,230.0,1090.0,282.0,Valid,Valid,opt-4
1556709548.0,1083.0,253.0,1078.0,225.0,1088.0,280.0,Valid,Valid,opt-4
1556726271.0,1078.0,259.0,1069.0,227.0,1088.0,292.0,Valid,Valid,opt-4
1556743546.0,1083.0,256.0,1078.0,219.0,1088.0,294.0,Valid,Valid,opt-4
1556759514.0,1085.0,254.0,1084.0,216.0,1086.0,292.0,Valid,Valid,opt-4
1556776186.0,1083.0,255.0,1081.0,218.0,1086.0,291.0,Valid,Valid,opt-4
1556793466.0,1080.0,257.0,1078.0,221.0,1082.0,292.0,Valid,Valid,opt-4
1556809383.0,1080.0,258.0,1076.0,223.0,1084.0,292.0,Valid,Valid,opt-4
1556826102.0,1078.0,253.0,1077.0,216.0,1079.0,291.0,Valid,Valid,opt-4
1556843386.0,1101.0,248.0,1105.0,216.0,1097.0,280.0,Valid,Valid,opt-4
1556859349.0,1235.0,261.0,1226.0,223.0,1244.0,298.0,Valid,Valid,opt-4
1556876114.0,1326.0,262.0,1328.0,217.0,1325.0,306.0,Valid,Valid,opt-4
1556893306.0,1341.0,265.0,1347.0,222.0,1334.0,309.0,Valid,Valid,opt-4
1556909219.0,1350.0,264.0,1360.0,222.0,1339.0,305.0,Valid,Valid,opt-4
1556925932.0,1340.0,261.0,1345.0,219.0,1335.0,302.0,Valid,Valid,opt-4
1556943225.0,1341.0,264.0,1347.0,225.0,1336.0,303.0,Valid,Valid,opt-4
1556959088.0,1353.0,264.0,1351.0,223.0,1356.0,304.0,Valid,Valid,opt-4
1556975944.0,1350.0,258.0,1349.0,220.0,1351.0,296.0,Valid,Valid,opt-4
1556993146.0,1353.0,260.0,1351.0,224.0,1355.0,296.0,Valid,Valid,opt-4
1557009054.0,1352.0,265.0,1348.0,228.0,1356.0,301.0,Valid,Valid,opt-4
1557025860.0,1357.0,263.0,1358.0,230.0,1356.0,297.0,Valid,Valid,opt-4
1557043066.0,1358.0,266.0,1357.0,232.0,1360.0,300.0,Valid,Valid,opt-4
1557058924.0,1354.0,269.0,1351.0,238.0,1357.0,299.0,Valid,Valid,opt-4
1557075775.0,1359.0,270.0,1358.0,235.0,1361.0,306.0,Valid,Valid,opt-4
1557092985.0,1354.0,267.0,1352.0,231.0,1356.0,304.0,Valid,Valid,opt-4
1557108889.0,1354.0,266.0,1359.0,232.0,1350.0,299.0,Valid,Valid,opt-4
1557125691.0,1356.0,264.0,1361.0,231.0,1351.0,297.0,Valid,Valid,opt-4
1557142906.0,1360.0,264.0,1363.0,229.0,1358.0,299.0,Valid,Valid,opt-4
1557158759.0,1364.0,261.0,1366.0,225.0,1363.0,298.0,Valid,Valid,opt-4
1557175606.0,1367.0,266.0,1367.0,231.0,1366.0,302.0,Valid,Valid,opt-4
1557192826.0,1408.0,265.0,1407.0,226.0,1410.0,303.0,Valid,Valid,opt-4
1557208725.0,1526.0,274.0,1518.0,245.0,1534.0,304.0,Valid,Valid,opt-4
1557225521.0,1571.0,270.0,1565.0,238.0,1578.0,302.0,Valid,Valid,opt-4
1557242746.0,1569.0,270.0,1572.0,243.0,1565.0,298.0,Valid,Valid,opt-4
1557258691.0,1574.0,264.0,1578.0,233.0,1570.0,296.0,Valid,Valid,opt-4
1557275437.0,1577.0,267.0,1580.0,239.0,1574.0,296.0,Valid,Valid,opt-4
1557292665.0,1575.0,261.0,1577.0,230.0,1573.0,293.0,Valid,Valid,opt-4
1557308560.0,1574.0,263.0,1577.0,229.0,1570.0,296.0,Valid,Valid,opt-4
1557325361.0,1582.0,257.0,1588.0,225.0,1576.0,290.0,Valid,Valid,opt-4
1557342586.0,1583.0,254.0,1586.0,222.0,1580.0,286.0,Valid,Valid,opt-4
1557358526.0,1595.0,226.0,1595.0,226.0,,,Valid,Invalid,opt-4
1557375268.0,1593.0,253.0,1596.0,228.0,1589.0,277.0,Valid,Valid,opt-4
1557392506.0,1532.0,251.0,1523.0,227.0,1540.0,275.0,Valid,Valid,opt-4
1557408396.0,1184.0,261.0,1120.0,232.0,1247.0,290.0,Valid,Valid,opt-4
1557425183.0,773.0,285.0,729.0,264.0,817.0,307.0,Valid,Valid,opt-4
1557442425.0,447.0,302.0,406.0,295.0,489.0,308.0,Valid,Valid,question_graph
1557458265.0,298.0,313.0,292.0,311.0,304.0,316.0,Valid,Valid,question_graph
1557475098.0,282.0,306.0,288.0,312.0,276.0,301.0,Valid,Valid,question_graph
1557492346.0,277.0,313.0,269.0,308.0,285.0,318.0,Valid,Valid,question_graph
1557508231.0,275.0,302.0,281.0,299.0,270.0,304.0,Valid,Valid,question_graph
1557525014.0,273.0,295.0,283.0,303.0,262.0,286.0,Valid,Valid,question_graph
1557542266.0,267.0,306.0,266.0,318.0,267.0,294.0,Valid,Valid,question_graph
1557558197.0,270.0,297.0,276.0,302.0,264.0,291.0,Valid,Valid,question_graph
1557574929.0,272.0,284.0,285.0,290.0,259.0,279.0,Valid,Valid,question_graph
1557592186.0,267.0,286.0,274.0,293.0,259.0,279.0,Valid,Valid,question_graph
1557608163.0,269.0,282.0,281.0,296.0,257.0,267.0,Valid,Valid,question_graph
1557624845.0,329.0,277.0,323.0,290.0,334.0,265.0,Valid,Valid,question_graph
1557642105.0,419.0,266.0,423.0,265.0,414.0,268.0,Valid,Valid,question_graph
1557658032.0,434.0,270.0,437.0,264.0,431.0,277.0,Valid,Valid,question_graph
1557674760.0,440.0,269.0,445.0,262.0,435.0,276.0,Valid,Valid,question_graph
1557692026.0,438.0,272.0,449.0,260.0,427.0,284.0,Valid,Valid,question_graph
1557707999.0,434.0,272.0,438.0,262.0,430.0,283.0,Valid,Valid,question_graph
1557724675.0,432.0,271.0,436.0,270.0,427.0,273.0,Valid,Valid,question_graph
1557741946.0,423.0,276.0,430.0,284.0,416.0,267.0,Valid,Valid,question_graph
1557757868.0,427.0,275.0,436.0,276.0,418.0,275.0,Valid,Valid,question_graph
1557774591.0,424.0,276.0,441.0,275.0,407.0,277.0,Valid,Valid,question_graph
1557791865.0,424.0,280.0,444.0,277.0,403.0,283.0,Valid,Valid,question_graph
1557807834.0,430.0,281.0,449.0,280.0,411.0,281.0,Valid,Valid,question_graph
1557824506.0,492.0,281.0,494.0,277.0,490.0,286.0,Valid,Valid,question_graph
1557841785.0,538.0,280.0,547.0,275.0,530.0,285.0,Valid,Valid,question_graph
1557857703.0,545.0,283.0,553.0,275.0,537.0,291.0,Valid,Valid,question_graph
1557874422.0,546.0,278.0,556.0,271.0,535.0,285.0,Valid,Valid,question_graph
1557891706.0,545.0,277.0,547.0,271.0,543.0,283.0,Valid,Valid,question_graph
1557907573.0,542.0,275.0,554.0,269.0,531.0,280.0,Valid,Valid,question_graph
1557924337.0,537.0,276.0,542.0,265.0,532.0,286.0,Valid,Valid,question_graph
1557941625.0,541.0,275.0,547.0,266.0,535.0,284.0,Valid,Valid,question_graph
1557957539.0,542.0,274.0,550.0,266.0,534.0,282.0,Valid,Valid,question_graph
1557974252.0,544.0,276.0,556.0,272.0,532.0,279.0,Valid,Valid,question_graph
1557991546.0,544.0,275.0,554.0,272.0,535.0,277.0,Valid,Valid,question_graph
1558007505.0,549.0,276.0,555.0,276.0,543.0,276.0,Valid,Valid,question_graph
1558024168.0,542.0,278.0,548.0,277.0,536.0,280.0,Valid,Valid,question_graph
1558041466.0,531.0,281.0,540.0,276.0,522.0,287.0,Valid,Valid,question_graph
1558057374.0,536.0,284.0,546.0,279.0,526.0,290.0,Valid,Valid,question_graph
1558074083.0,544.0,281.0,556.0,275.0,533.0,287.0,Valid,Valid,question_graph
1558091385.0,541.0,281.0,549.0,278.0,533.0,284.0,Valid,Valid,question_graph
1558107244.0,542.0,284.0,554.0,277.0,531.0,290.0,Valid,Valid,question_graph
1558123999.0,526.0,292.0,542.0,284.0,511.0,300.0,Valid,Valid,question_graph
1558141305.0,501.0,297.0,513.0,293.0,488.0,301.0,Valid,Valid,question_graph
1558157210.0,502.0,291.0,513.0,284.0,490.0,298.0,Valid,Valid,question_graph
1558173914.0,500.0,292.0,501.0,278.0,499.0,307.0,Valid,Valid,question_graph
1558191226.0,501.0,291.0,506.0,279.0,495.0,303.0,Valid,Valid,question_graph
1558207176.0,502.0,283.0,511.0,265.0,494.0,302.0,Valid,Valid,question_graph
1558223829.0,500.0,283.0,509.0,265.0,492.0,301.0,Valid,Valid,question_graph
1558241146.0,508.0,286.0,517.0,269.0,499.0,303.0,Valid,Valid,question_graph
1558257045.0,505.0,290.0,511.0,273.0,499.0,308.0,Valid,Valid,question_graph
1558273745.0,506.0,291.0,515.0,275.0,497.0,307.0,Valid,Valid,question_graph
1558291066.0,510.0,293.0,520.0,288.0,500.0,298.0,Valid,Valid,question_graph
1558307011.0,508.0,293.0,519.0,287.0,497.0,300.0,Valid,Valid,question_graph
1558323660.0,505.0,300.0,512.0,297.0,499.0,304.0,Valid,Valid,question_graph
1558340986.0,502.0,306.0,519.0,305.0,486.0,306.0,Valid,Valid,question_graph
1558356880.0,500.0,305.0,512.0,301.0,489.0,310.0,Valid,Valid,question_graph
1558373672.0,507.0,306.0,518.0,291.0,496.0,320.0,Valid,Valid,question_graph
1558390906.0,516.0,315.0,540.0,297.0,492.0,333.0,Valid,Valid,question_graph
1558406846.0,509.0,322.0,527.0,312.0,491.0,332.0,Valid,Valid,question_graph
1558423588.0,516.0,313.0,523.0,296.0,510.0,330.0,Valid,Valid,question_graph
1558440826.0,513.0,300.0,526.0,291.0,500.0,310.0,Valid,Valid,question_graph
1558456812.0,513.0,299.0,524.0,295.0,501.0,302.0,Valid,Valid,question_graph
1558473600.0,515.0,299.0,530.0,294.0,500.0,303.0,Valid,Valid,question_graph
1558490746.0,505.0,299.0,506.0,290.0,504.0,309.0,Valid,Valid,question_graph
1558506682.0,506.0,291.0,507.0,275.0,505.0,307.0,Valid,Valid,question_graph
1558523515.0,503.0,290.0,505.0,281.0,501.0,298.0,Valid,Valid,question_graph
1558540666.0,505.0,286.0,501.0,272.0,510.0,299.0,Valid,Valid,question_graph
1558556551.0,502.0,289.0,498.0,283.0,507.0,296.0,Valid,Valid,question_graph
1558573334.0,536.0,278.0,522.0,279.0,551.0,278.0,Valid,Valid,question_graph
1558590585.0,671.0,279.0,653.0,275.0,689.0,283.0,Valid,Valid,question_graph
1558606517.0,940.0,272.0,935.0,262.0,946.0,283.0,Valid,Valid,opt-4
1558623249.0,1186.0,259.0,1166.0,246.0,1206.0,273.0,Valid,Valid,opt-4
1558640506.0,1260.0,255.0,1256.0,233.0,1264.0,277.0,Valid,Valid,opt-4
1558656386.0,1268.0,260.0,1276.0,236.0,1261.0,284.0,Valid,Valid,opt-4
1558673165.0,1247.0,265.0,1251.0,247.0,1243.0,283.0,Valid,Valid,opt-4
1558690426.0,1254.0,266.0,1266.0,248.0,1243.0,284.0,Valid,Valid,opt-4
1558706353.0,1255.0,269.0,1264.0,255.0,1245.0,283.0,Valid,Valid,opt-4
1558723080.0,1251.0,265.0,1256.0,245.0,1247.0,285.0,Valid,Valid,opt-4
1558740345.0,1257.0,263.0,1256.0,245.0,1257.0,282.0,Valid,Valid,opt-4
1558756222.0,1258.0,262.0,1263.0,247.0,1253.0,277.0,Valid,Valid,opt-4
1558772995.0,1258.0,269.0,1256.0,257.0,1260.0,282.0,Valid,Valid,opt-4
1558790266.0,1252.0,266.0,1241.0,244.0,1263.0,287.0,Valid,Valid,opt-4
1558806188.0,1221.0,273.0,1201.0,245.0,1241.0,300.0,Valid,Valid,opt-4
1558822911.0,1104.0,308.0,1101.0,292.0,1106.0,325.0,Valid,Valid,opt-4
1558840186.0,878.0,419.0,862.0,423.0,895.0,414.0,Valid,Valid,opt-3
1558856057.0,654.0,548.0,641.0,566.0,667.0,529.0,Valid,Valid,question_graph
1558872826.0,574.0,602.0,560.0,622.0,587.0,581.0,Valid,Valid,question_graph
1558890106.0,575.0,604.0,577.0,625.0,573.0,583.0,Valid,Valid,question_graph
1558906023.0,577.0,610.0,575.0,636.0,578.0,584.0,Valid,Valid,question_graph
1558922741.0,570.0,598.0,569.0,617.0,572.0,579.0,Valid,Valid,question_graph
1558940026.0,559.0,598.0,559.0,615.0,559.0,580.0,Valid,Valid,question_graph
1558955989.0,559.0,598.0,553.0,619.0,565.0,576.0,Valid,Valid,question_graph
1558972657.0,561.0,587.0,554.0,618.0,569.0,555.0,Valid,Valid,question_graph
1558989946.0,562.0,591.0,564.0,605.0,560.0,577.0,Valid,Valid,question_graph
1559005859.0,555.0,584.0,563.0,599.0,547.0,569.0,Valid,Valid,question_graph
1559022572.0,558.0,596.0,557.0,615.0,559.0,578.0,Valid,Valid,question_graph
1559039865.0,538.0,602.0,541.0,636.0,534.0,568.0,Valid,Valid,question_graph
1559055825.0,530.0,599.0,544.0,626.0,517.0,572.0,Valid,Valid,question_graph
1559072488.0,541.0,600.0,544.0,615.0,538.0,585.0,Valid,Valid,question_graph
1559089786.0,520.0,596.0,523.0,618.0,516.0,574.0,Valid,Valid,question_graph
1559105791.0,399.0,534.0,379.0,538.0,419.0,529.0,Valid,Valid,question_graph
1559122500.0,283.0,484.0,282.0,480.0,284.0,489.0,Valid,Valid,question_graph
1559139706.0,224.0,449.0,233.0,450.0,215.0,449.0,Valid,Valid,question_graph
1559155660.0,217.0,443.0,236.0,430.0,198.0,456.0,Valid,Valid,question_graph
1559172319.0,220.0,446.0,225.0,439.0,214.0,452.0,Valid,Valid,question_graph
1559189626.0,215.0,450.0,218.0,444.0,212.0,457.0,Valid,Valid,question_graph
1559205530.0,222.0,453.0,217.0,455.0,226.0,452.0,Valid,Valid,question_graph
1559222234.0,221.0,453.0,226.0,448.0,217.0,458.0,Valid,Valid,question_graph
1559239546.0,189.0,437.0,216.0,448.0,161.0,425.0,Valid,Valid,question_graph
1559255496.0,165.0,501.0,,,165.0,501.0,Invalid,Valid,question_graph
1559272246.0,,,,,,,Invalid,Invalid,Outside
1559289341.0,,,,,,,Invalid,Invalid,Outside
1559305462.0,,,,,,,Invalid,Invalid,Outside
1559322258.0,390.0,651.0,390.0,651.0,,,Valid,Invalid,question_graph
1559339022.0,,,,,,,Invalid,Invalid,Outside
1559355428.0,898.0,628.0,898.0,628.0,,,Valid,Invalid,opt-2
1559372270.0,977.0,603.0,946.0,632.0,1008.0,574.0,Valid,Valid,opt-2
1559389080.0,980.0,613.0,963.0,640.0,998.0,587.0,Valid,Valid,opt-2
1559405394.0,991.0,627.0,966.0,652.0,1016.0,603.0,Valid,Valid,opt-2
1559422185.0,1000.0,625.0,985.0,646.0,1016.0,604.0,Valid,Valid,opt-2
1559439226.0,991.0,622.0,965.0,642.0,1016.0,603.0,Valid,Valid,opt-2
1559455263.0,989.0,624.0,955.0,647.0,1023.0,602.0,Valid,Valid,opt-2
1559472004.0,994.0,622.0,966.0,651.0,1022.0,593.0,Valid,Valid,opt-2
1559489146.0,991.0,623.0,966.0,647.0,1016.0,599.0,Valid,Valid,opt-2
1559505132.0,1000.0,627.0,969.0,656.0,1031.0,597.0,Valid,Valid,opt-2
1559521920.0,1126.0,588.0,1093.0,614.0,1159.0,563.0,Valid,Valid,opt-2
1559539066.0,1320.0,542.0,1309.0,542.0,1330.0,543.0,Valid,Valid,opt-2
1559555098.0,1381.0,536.0,1368.0,542.0,1393.0,530.0,Valid,Valid,opt-2
1559571835.0,1375.0,530.0,1353.0,540.0,1397.0,521.0,Valid,Valid,opt-2
1559588986.0,1377.0,533.0,1372.0,547.0,1381.0,520.0,Valid,Valid,opt-2
1559604968.0,1389.0,524.0,1393.0,525.0,1384.0,522.0,Valid,Valid,opt-2
1559621750.0,1382.0,532.0,1388.0,529.0,1376.0,535.0,Valid,Valid,opt-2
1559638906.0,1386.0,536.0,1394.0,539.0,1378.0,532.0,Valid,Valid,opt-2
1559654837.0,1384.0,545.0,1379.0,548.0,1389.0,542.0,Valid,Valid,opt-2
1559671666.0,1393.0,537.0,1388.0,545.0,1398.0,529.0,Valid,Valid,opt-2
1559688826.0,1399.0,533.0,1400.0,538.0,1398.0,528.0,Valid,Valid,opt-2
1559704803.0,1395.0,529.0,1395.0,528.0,1396.0,530.0,Valid,Valid,opt-2
1559721485.0,1393.0,534.0,1401.0,533.0,1384.0,535.0,Valid,Valid,opt-2
1559738746.0,1401.0,530.0,1416.0,524.0,1386.0,537.0,Valid,Valid,opt-2
1559754673.0,1407.0,527.0,1415.0,522.0,1400.0,533.0,Valid,Valid,opt-2
1559771497.0,1413.0,524.0,1433.0,514.0,1392.0,534.0,Valid,Valid,opt-2
1559788666.0,1408.0,540.0,1428.0,543.0,1388.0,537.0,Valid,Valid,opt-2
1559804639.0,1382.0,539.0,1386.0,547.0,1378.0,530.0,Valid,Valid,opt-2
1559821412.0,1145.0,539.0,1124.0,541.0,1165.0,537.0,Valid,Valid,opt-2
1559838585.0,741.0,539.0,670.0,546.0,812.0,532.0,Valid,Valid,question_graph
1559854508.0,456.0,574.0,423.0,604.0,489.0,544.0,Valid,Valid,question_graph
1559871327.0,397.0,580.0,366.0,612.0,427.0,548.0,Valid,Valid,question_graph
1559888506.0,380.0,588.0,356.0,630.0,404.0,546.0,Valid,Valid,question_graph
1559904474.0,400.0,585.0,391.0,621.0,408.0,549.0,Valid,Valid,question_graph
1559921243.0,417.0,588.0,392.0,616.0,442.0,561.0,Valid,Valid,question_graph
1559938425.0,412.0,584.0,396.0,609.0,429.0,559.0,Valid,Valid,question_graph
1559954440.0,416.0,580.0,402.0,607.0,429.0,552.0,Valid,Valid,question_graph
1559971158.0,419.0,583.0,406.0,615.0,432.0,550.0,Valid,Valid,question_graph
1559988346.0,404.0,578.0,395.0,603.0,412.0,554.0,Valid,Valid,question_graph
1560004406.0,404.0,575.0,397.0,604.0,411.0,546.0,Valid,Valid,question_graph
1560021074.0,384.0,563.0,398.0,589.0,369.0,536.0,Valid,Valid,question_graph
1560038266.0,397.0,567.0,400.0,591.0,393.0,544.0,Valid,Valid,question_graph
1560054275.0,390.0,573.0,393.0,596.0,387.0,551.0,Valid,Valid,question_graph
1560070892.0,381.0,569.0,391.0,593.0,372.0,546.0,Valid,Valid,question_graph
1560088186.0,364.0,567.0,378.0,596.0,350.0,539.0,Valid,Valid,question_graph
1560104145.0,358.0,573.0,372.0,601.0,344.0,545.0,Valid,Valid,question_graph
1560120904.0,367.0,579.0,391.0,612.0,344.0,547.0,Valid,Valid,question_graph
1560138106.0,370.0,570.0,392.0,583.0,347.0,556.0,Valid,Valid,question_graph
1560154111.0,374.0,572.0,397.0,587.0,351.0,557.0,Valid,Valid,question_graph
1560170820.0,377.0,580.0,391.0,597.0,364.0,563.0,Valid,Valid,question_graph
1560188026.0,393.0,662.0,396.0,685.0,391.0,639.0,Valid,Valid,question_graph
1560204077.0,411.0,755.0,411.0,789.0,411.0,720.0,Valid,Valid,question_graph
1560220735.0,407.0,763.0,410.0,799.0,405.0,727.0,Valid,Valid,question_graph
1560237946.0,413.0,763.0,418.0,790.0,407.0,736.0,Valid,Valid,question_graph
1560254043.0,411.0,759.0,417.0,785.0,405.0,732.0,Valid,Valid,question_graph
1560270651.0,412.0,754.0,419.0,778.0,406.0,731.0,Valid,Valid,question_graph
1560287866.0,424.0,759.0,428.0,782.0,420.0,737.0,Valid,Valid,question_graph
1560303912.0,424.0,765.0,425.0,787.0,423.0,743.0,Valid,Valid,question_graph
1560320566.0,412.0,772.0,419.0,806.0,406.0,739.0,Valid,Valid,question_graph
1560337786.0,404.0,763.0,411.0,799.0,396.0,726.0,Valid,Valid,question_graph
1560353782.0,409.0,768.0,416.0,802.0,401.0,734.0,Valid,Valid,question_graph
1560370481.0,421.0,762.0,431.0,792.0,411.0,733.0,Valid,Valid,question_graph
1560387706.0,425.0,758.0,430.0,792.0,419.0,724.0,Valid,Valid,question_graph
1560403747.0,426.0,755.0,435.0,789.0,418.0,721.0,Valid,Valid,question_graph
1560420397.0,435.0,755.0,430.0,784.0,439.0,726.0,Valid,Valid,question_graph
1560437626.0,426.0,746.0,427.0,778.0,426.0,714.0,Valid,Valid,question_graph
1560453617.0,425.0,750.0,429.0,778.0,421.0,721.0,Valid,Valid,question_graph
1560470312.0,428.0,750.0,430.0,774.0,426.0,727.0,Valid,Valid,question_graph
1560487545.0,422.0,750.0,422.0,774.0,423.0,726.0,Valid,Valid,question_graph
1560503486.0,425.0,749.0,421.0,777.0,429.0,721.0,Valid,Valid,question_graph
1560520228.0,437.0,753.0,433.0,782.0,441.0,724.0,Valid,Valid,question_graph
1560537466.0,437.0,752.0,434.0,777.0,440.0,726.0,Valid,Valid,question_graph
1560553452.0,434.0,753.0,436.0,783.0,431.0,723.0,Valid,Valid,question_graph
1560570143.0,431.0,756.0,430.0,783.0,433.0,728.0,Valid,Valid,question_graph
1560587385.0,436.0,760.0,426.0,789.0,446.0,732.0,Valid,Valid,question_graph
1560603418.0,455.0,746.0,449.0,763.0,461.0,728.0,Valid,Valid,question_graph
1560620058.0,544.0,691.0,528.0,711.0,559.0,672.0,Valid,Valid,question_graph
1560637306.0,559.0,676.0,550.0,684.0,567.0,667.0,Valid,Valid,question_graph
1560653384.0,556.0,673.0,556.0,673.0,,,Valid,Invalid,question_graph
1560669974.0,566.0,676.0,546.0,685.0,587.0,667.0,Valid,Valid,question_graph
1560687226.0,568.0,668.0,552.0,679.0,585.0,657.0,Valid,Valid,question_graph
1560703254.0,571.0,668.0,551.0,687.0,591.0,650.0,Valid,Valid,question_graph
1560719889.0,575.0,671.0,558.0,690.0,592.0,653.0,Valid,Valid,question_graph
1560737146.0,578.0,668.0,556.0,691.0,600.0,645.0,Valid,Valid,question_graph
1560753220.0,582.0,673.0,559.0,694.0,604.0,651.0,Valid,Valid,question_graph
1560769805.0,580.0,672.0,565.0,696.0,594.0,648.0,Valid,Valid,question_graph
1560787065.0,568.0,670.0,547.0,695.0,590.0,644.0,Valid,Valid,question_graph
1560803089.0,582.0,668.0,564.0,690.0,600.0,645.0,Valid,Valid,question_graph
1560819817.0,579.0,667.0,563.0,692.0,596.0,642.0,Valid,Valid,question_graph
1560836986.0,571.0,667.0,551.0,687.0,592.0,648.0,Valid,Valid,question_graph
1560853055.0,543.0,641.0,522.0,657.0,565.0,625.0,Valid,Valid,question_graph
1560869732.0,440.0,619.0,449.0,636.0,432.0,602.0,Valid,Valid,question_graph
1560886905.0,421.0,622.0,412.0,644.0,429.0,599.0,Valid,Valid,question_graph
1560902925.0,428.0,618.0,423.0,637.0,434.0,599.0,Valid,Valid,question_graph
1560919647.0,432.0,613.0,425.0,638.0,438.0,587.0,Valid,Valid,question_graph
1560936825.0,428.0,616.0,410.0,646.0,446.0,587.0,Valid,Valid,question_graph
1560952891.0,434.0,611.0,421.0,631.0,447.0,592.0,Valid,Valid,question_graph
1560969563.0,434.0,614.0,415.0,631.0,453.0,597.0,Valid,Valid,question_graph
1560986746.0,439.0,624.0,421.0,629.0,457.0,619.0,Valid,Valid,question_graph
1561002857.0,483.0,642.0,459.0,643.0,507.0,640.0,Valid,Valid,question_graph
1561019478.0,769.0,652.0,714.0,672.0,824.0,632.0,Valid,Valid,opt-1
1561036665.0,1183.0,666.0,1159.0,678.0,1207.0,654.0,Valid,Valid,opt-1
1561052726.0,1456.0,697.0,1441.0,715.0,1470.0,678.0,Valid,Valid,opt-1
1561069490.0,1515.0,716.0,1520.0,750.0,1510.0,682.0,Valid,Valid,opt-1
1561086586.0,1513.0,710.0,1513.0,746.0,1513.0,675.0,Valid,Valid,opt-1
1561102595.0,1511.0,705.0,1512.0,733.0,1510.0,678.0,Valid,Valid,opt-1
1561119309.0,1512.0,716.0,1520.0,740.0,1503.0,691.0,Valid,Valid,opt-1
1561136506.0,1524.0,711.0,1536.0,732.0,1511.0,691.0,Valid,Valid,opt-1
1561152465.0,1522.0,706.0,1542.0,725.0,1501.0,687.0,Valid,Valid,opt-1
1561169224.0,1528.0,709.0,1550.0,718.0,1507.0,700.0,Valid,Valid,opt-1
1561186426.0,1516.0,724.0,1526.0,750.0,1506.0,698.0,Valid,Valid,opt-1
1561202334.0,1519.0,725.0,1522.0,754.0,1516.0,696.0,Valid,Valid,opt-1
1561219236.0,1516.0,724.0,1525.0,747.0,1507.0,701.0,Valid,Valid,opt-1
1561236345.0,1520.0,724.0,1520.0,745.0,1520.0,703.0,Valid,Valid,opt-1
1561252300.0,1527.0,722.0,1528.0,742.0,1525.0,702.0,Valid,Valid,opt-1
1561269152.0,1499.0,715.0,1511.0,742.0,1487.0,689.0,Valid,Valid,opt-1
1561286265.0,1442.0,677.0,1440.0,698.0,1444.0,656.0,Valid,Valid,opt-1
1561302169.0,1444.0,666.0,1450.0,680.0,1438.0,653.0,Valid,Valid,opt-1
1561319076.0,1439.0,676.0,1435.0,693.0,1442.0,660.0,Valid,Valid,opt-1
1561336195.0,1441.0,681.0,1435.0,699.0,1447.0,664.0,Valid,Valid,opt-1
1561352145.0,1436.0,683.0,1428.0,706.0,1445.0,660.0,Valid,Valid,opt-1
1561368992.0,1430.0,679.0,1427.0,697.0,1432.0,662.0,Valid,Valid,opt-1
1561386115.0,1431.0,676.0,1433.0,688.0,1429.0,664.0,Valid,Valid,opt-1
1561402015.0,1436.0,681.0,1434.0,691.0,1437.0,671.0,Valid,Valid,opt-1
1561418908.0,1436.0,670.0,1433.0,682.0,1440.0,658.0,Valid,Valid,opt-1
1561436035.0,1435.0,667.0,1433.0,680.0,1438.0,654.0,Valid,Valid,opt-1
1561451981.0,1435.0,662.0,1439.0,665.0,1431.0,659.0,Valid,Valid,opt-1
1561468822.0,1437.0,669.0,1444.0,681.0,1431.0,657.0,Valid,Valid,opt-1
1561485955.0,1438.0,676.0,1445.0,694.0,1430.0,657.0,Valid,Valid,opt-1
1561501849.0,1431.0,680.0,1424.0,696.0,1438.0,664.0,Valid,Valid,opt-1
1561518738.0,1438.0,670.0,1435.0,685.0,1441.0,654.0,Valid,Valid,opt-1
1561535875.0,1447.0,667.0,1437.0,679.0,1457.0,655.0,Valid,Valid,opt-1
1561551815.0,1451.0,650.0,1453.0,662.0,1450.0,638.0,Valid,Valid,opt-1
1561568653.0,1460.0,658.0,1451.0,676.0,1468.0,640.0,Valid,Valid,opt-1
1561585795.0,1463.0,665.0,1458.0,679.0,1467.0,652.0,Valid,Valid,opt-1
1561601685.0,1462.0,661.0,1460.0,674.0,1464.0,648.0,Valid,Valid,opt-1
1561618569.0,1453.0,657.0,1458.0,669.0,1449.0,646.0,Valid,Valid,opt-1
1561635715.0,1455.0,656.0,1455.0,670.0,1454.0,642.0,Valid,Valid,opt-1
1561651651.0,1450.0,660.0,1458.0,679.0,1442.0,641.0,Valid,Valid,opt-1
1561668581.0,1450.0,636.0,1455.0,648.0,1446.0,623.0,Valid,Valid,opt-2
1561685635.0,1457.0,536.0,1466.0,523.0,1447.0,548.0,Valid,Valid,opt-2
1561701520.0,1471.0,505.0,1486.0,490.0,1457.0,520.0,Valid,Valid,opt-2
1561718399.0,1472.0,505.0,1488.0,488.0,1457.0,523.0,Valid,Valid,opt-2
1561735555.0,1471.0,510.0,1491.0,504.0,1452.0,516.0,Valid,Valid,opt-2
1561751486.0,1474.0,513.0,1496.0,501.0,1452.0,525.0,Valid,Valid,opt-2
1561768315.0,1471.0,514.0,1485.0,497.0,1458.0,530.0,Valid,Valid,opt-2
1561785475.0,1468.0,520.0,1484.0,503.0,1452.0,536.0,Valid,Valid,opt-2
1561801356.0,1473.0,514.0,1487.0,497.0,1459.0,532.0,Valid,Valid,opt-2
1561818230.0,1462.0,517.0,1474.0,507.0,1451.0,528.0,Valid,Valid,opt-2
1561835395.0,1458.0,522.0,1463.0,512.0,1454.0,532.0,Valid,Valid,opt-2
1561851322.0,1456.0,521.0,1463.0,509.0,1449.0,534.0,Valid,Valid,opt-2
1561868146.0,1465.0,526.0,1478.0,514.0,1453.0,538.0,Valid,Valid,opt-2
1561885315.0,1463.0,520.0,1474.0,507.0,1451.0,534.0,Valid,Valid,opt-2
1561901191.0,1453.0,517.0,1465.0,505.0,1440.0,529.0,Valid,Valid,opt-2
1561918061.0,1455.0,515.0,1463.0,506.0,1446.0,524.0,Valid,Valid,opt-2
1561935235.0,1460.0,515.0,1466.0,504.0,1455.0,526.0,Valid,Valid,opt-2
1561951158.0,1473.0,486.0,1484.0,478.0,1462.0,493.0,Valid,Valid,opt-3
1561967976.0,1489.0,459.0,1490.0,437.0,1489.0,482.0,Valid,Valid,opt-3
1561985155.0,1486.0,465.0,1479.0,443.0,1492.0,487.0,Valid,Valid,opt-3
1562001026.0,1482.0,460.0,1479.0,438.0,1486.0,483.0,Valid,Valid,opt-3
1562017892.0,1489.0,464.0,1493.0,445.0,1486.0,482.0,Valid,Valid,opt-3
1562035075.0,1493.0,459.0,1505.0,440.0,1482.0,478.0,Valid,Valid,opt-3
1562050992.0,1490.0,462.0,1493.0,440.0,1488.0,485.0,Valid,Valid,opt-3
1562067807.0,1488.0,464.0,1491.0,447.0,1485.0,482.0,Valid,Valid,opt-3
1562084995.0,1482.0,466.0,1480.0,447.0,1484.0,485.0,Valid,Valid,opt-3
1562100958.0,1485.0,462.0,1488.0,435.0,1482.0,489.0,Valid,Valid,opt-3
1562117723.0,1486.0,470.0,1493.0,448.0,1479.0,493.0,Valid,Valid,opt-3
1562134915.0,1487.0,467.0,1492.0,443.0,1483.0,491.0,Valid,Valid,opt-3
1562150828.0,1487.0,466.0,1494.0,446.0,1481.0,486.0,Valid,Valid,opt-3
1562167639.0,1486.0,465.0,1496.0,446.0,1476.0,485.0,Valid,Valid,opt-3
1562184835.0,1489.0,458.0,1504.0,440.0,1474.0,476.0,Valid,Valid,opt-3
1562200794.0,1489.0,458.0,1498.0,439.0,1479.0,477.0,Valid,Valid,opt-3
1562217553.0,1492.0,459.0,1502.0,444.0,1481.0,475.0,Valid,Valid,opt-3
1562234755.0,1494.0,458.0,1503.0,446.0,1485.0,470.0,Valid,Valid,opt-3
1562250663.0,1491.0,450.0,1497.0,433.0,1486.0,468.0,Valid,Valid,opt-3
1562267469.0,1488.0,454.0,1488.0,442.0,1488.0,466.0,Valid,Valid,opt-3
1562284675.0,1490.0,452.0,1499.0,440.0,1481.0,464.0,Valid,Valid,opt-3
1562300629.0,1495.0,453.0,1505.0,440.0,1484.0,467.0,Valid,Valid,opt-3
1562317384.0,1492.0,444.0,1500.0,434.0,1484.0,455.0,Valid,Valid,opt-3
1562334586.0,1454.0,515.0,1464.0,516.0,1445.0,513.0,Valid,Valid,opt-2
1562350490.0,1387.0,690.0,1403.0,723.0,1372.0,658.0,Valid,Valid,opt-1
1562367396.0,1392.0,765.0,1385.0,789.0,1400.0,742.0,Valid,Valid,opt-1
1562384505.0,1388.0,775.0,1398.0,798.0,1378.0,752.0,Valid,Valid,opt-1
1562400455.0,1380.0,775.0,1388.0,796.0,1373.0,754.0,Valid,Valid,opt-1
1562417303.0,1376.0,777.0,1377.0,802.0,1374.0,752.0,Valid,Valid,opt-1
1562434425.0,1378.0,774.0,1381.0,798.0,1375.0,750.0,Valid,Valid,opt-1
1562450422.0,1383.0,779.0,1394.0,805.0,1373.0,753.0,Valid,Valid,opt-1
1562467218.0,1388.0,778.0,1399.0,799.0,1377.0,757.0,Valid,Valid,opt-1
1562484345.0,1395.0,777.0,1399.0,800.0,1392.0,754.0,Valid,Valid,opt-1
1562500291.0,1389.0,777.0,1395.0,796.0,1384.0,758.0,Valid,Valid,opt-1
1562517133.0,1393.0,782.0,1398.0,807.0,1389.0,757.0,Valid,Valid,opt-1
1562534265.0,1391.0,782.0,1393.0,810.0,1389.0,754.0,Valid,Valid,opt-1
1562550257.0,1393.0,780.0,1390.0,807.0,1396.0,754.0,Valid,Valid,opt-1
1562567049.0,1393.0,779.0,1390.0,806.0,1396.0,752.0,Valid,Valid,opt-1
1562584195.0,1394.0,783.0,1391.0,811.0,1396.0,756.0,Valid,Valid,opt-1
1562600135.0,1392.0,781.0,1389.0,803.0,1395.0,759.0,Valid,Valid,opt-1
1562616973.0,1387.0,701.0,1392.0,738.0,1381.0,664.0,Valid,Valid,opt-1
1562634115.0,1435.0,522.0,1440.0,522.0,1429.0,522.0,Valid,Valid,opt-2
1562650101.0,1475.0,435.0,1488.0,419.0,1463.0,451.0,Valid,Valid,opt-3
1562666889.0,1469.0,433.0,1486.0,425.0,1453.0,442.0,Valid,Valid,opt-3
1562684035.0,1478.0,432.0,1502.0,423.0,1453.0,442.0,Valid,Valid,opt-3
1562699971.0,1478.0,442.0,1501.0,428.0,1456.0,456.0,Valid,Valid,opt-3
1562716707.0,1472.0,445.0,1491.0,434.0,1453.0,455.0,Valid,Valid,opt-3
1562733955.0,1472.0,443.0,1495.0,427.0,1449.0,459.0,Valid,Valid,opt-3
1562749840.0,1470.0,447.0,1494.0,428.0,1446.0,467.0,Valid,Valid,opt-3
1562766623.0,1464.0,448.0,1485.0,430.0,1444.0,466.0,Valid,Valid,opt-3
1562783866.0,1459.0,450.0,1482.0,435.0,1437.0,465.0,Valid,Valid,opt-3
1562799797.0,1459.0,453.0,1481.0,440.0,1438.0,465.0,Valid,Valid,opt-3
1562816538.0,1457.0,451.0,1475.0,440.0,1439.0,461.0,Valid,Valid,opt-3
1562833795.0,1459.0,450.0,1480.0,444.0,1439.0,456.0,Valid,Valid,opt-3
1562849676.0,1463.0,455.0,1481.0,442.0,1445.0,468.0,Valid,Valid,opt-3
1562866541.0,1462.0,454.0,1478.0,442.0,1445.0,467.0,Valid,Valid,opt-3
1562883706.0,1458.0,458.0,1472.0,441.0,1444.0,475.0,Valid,Valid,opt-3
1562899632.0,1454.0,462.0,1475.0,450.0,1434.0,473.0,Valid,Valid,opt-3
1562916360.0,1450.0,460.0,1477.0,450.0,1422.0,470.0,Valid,Valid,opt-3
1562933626.0,1451.0,471.0,1467.0,461.0,1435.0,481.0,Valid,Valid,opt-3
1562949502.0,1451.0,573.0,1457.0,600.0,1445.0,545.0,Valid,Valid,opt-2
1562966372.0,1387.0,726.0,1407.0,761.0,1368.0,692.0,Valid,Valid,opt-1
1562983546.0,1374.0,774.0,1381.0,804.0,1367.0,743.0,Valid,Valid,opt-1
1562999468.0,1375.0,768.0,1382.0,804.0,1368.0,733.0,Valid,Valid,opt-1
1563016287.0,1367.0,768.0,1368.0,808.0,1367.0,729.0,Valid,Valid,opt-1
1563033466.0,1371.0,765.0,1376.0,800.0,1366.0,729.0,Valid,Valid,opt-1
1563049434.0,1372.0,753.0,1378.0,790.0,1366.0,717.0,Valid,Valid,opt-1
1563066203.0,1377.0,755.0,1391.0,786.0,1363.0,724.0,Valid,Valid,opt-1
1563083385.0,1376.0,756.0,1393.0,794.0,1360.0,718.0,Valid,Valid,opt-1
1563099303.0,1378.0,752.0,1394.0,784.0,1363.0,721.0,Valid,Valid,opt-1
1563116118.0,1376.0,758.0,1396.0,800.0,1357.0,716.0,Valid,Valid,opt-1
1563133306.0,1379.0,753.0,1407.0,791.0,1351.0,716.0,Valid,Valid,opt-1
1563149269.0,1377.0,752.0,1401.0,787.0,1353.0,717.0,Valid,Valid,opt-1
1563166034.0,1378.0,751.0,1396.0,792.0,1361.0,709.0,Valid,Valid,opt-1
1563183226.0,1391.0,743.0,1418.0,779.0,1364.0,707.0,Valid,Valid,opt-1
1563199139.0,1392.0,749.0,1424.0,795.0,1361.0,704.0,Valid,Valid,opt-1
1563215949.0,1392.0,756.0,1416.0,801.0,1368.0,711.0,Valid,Valid,opt-1
1563233145.0,1391.0,762.0,1412.0,796.0,1370.0,728.0,Valid,Valid,opt-1
1563249105.0,1390.0,760.0,1416.0,790.0,1365.0,731.0,Valid,Valid,opt-1
1563265864.0,1395.0,756.0,1419.0,791.0,1372.0,721.0,Valid,Valid,opt-1
1563283066.0,1397.0,742.0,1424.0,783.0,1371.0,701.0,Valid,Valid,opt-1
1563298974.0,1409.0,673.0,1428.0,712.0,1390.0,635.0,Valid,Valid,opt-1
1563315780.0,1455.0,632.0,1468.0,651.0,1443.0,613.0,Valid,Valid,opt-2
1563332986.0,1458.0,635.0,1477.0,666.0,1440.0,605.0,Valid,Valid,opt-2
1563348940.0,1460.0,640.0,1480.0,676.0,1441.0,603.0,Valid,Valid,opt-1
1563365695.0,1456.0,643.0,1475.0,676.0,1436.0,611.0,Valid,Valid,opt-1
1563382905.0,1446.0,657.0,1456.0,699.0,1435.0,616.0,Valid,Valid,opt-1
1563398809.0,1447.0,646.0,1455.0,683.0,1439.0,610.0,Valid,Valid,opt-1
1563415611.0,1450.0,657.0,1459.0,700.0,1442.0,613.0,Valid,Valid,opt-1
1563432826.0,1447.0,651.0,1471.0,683.0,1424.0,619.0,Valid,Valid,opt-1
1563448776.0,1372.0,649.0,1365.0,677.0,1378.0,621.0,Valid,Valid,opt-1
1563465623.0,984.0,619.0,968.0,653.0,1001.0,585.0,Valid,Valid,opt-2
1563482746.0,640.0,637.0,609.0,671.0,671.0,603.0,Valid,Valid,question_graph
1563498741.0,447.0,664.0,410.0,698.0,484.0,630.0,Valid,Valid,question_graph
1563515538.0,400.0,646.0,395.0,678.0,406.0,613.0,Valid,Valid,question_graph
1563532665.0,407.0,637.0,399.0,687.0,415.0,587.0,Valid,Valid,question_graph
1563548707.0,400.0,640.0,391.0,697.0,409.0,582.0,Valid,Valid,question_graph
1563565357.0,390.0,647.0,368.0,691.0,413.0,604.0,Valid,Valid,question_graph
1563582586.0,381.0,639.0,378.0,694.0,383.0,584.0,Valid,Valid,question_graph
1563598577.0,377.0,642.0,376.0,691.0,377.0,593.0,Valid,Valid,question_graph
1563615369.0,392.0,643.0,386.0,688.0,398.0,598.0,Valid,Valid,question_graph
1563632505.0,375.0,646.0,384.0,692.0,367.0,600.0,Valid,Valid,question_graph
1563648543.0,369.0,651.0,366.0,704.0,372.0,598.0,Valid,Valid,question_graph
1563665188.0,373.0,657.0,377.0,720.0,370.0,594.0,Valid,Valid,question_graph
1563682426.0,367.0,652.0,376.0,716.0,358.0,588.0,Valid,Valid,question_graph
1563698509.0,361.0,642.0,372.0,693.0,350.0,591.0,Valid,Valid,question_graph
1563715200.0,373.0,653.0,370.0,694.0,376.0,611.0,Valid,Valid,question_graph
1563732346.0,381.0,666.0,365.0,706.0,397.0,626.0,Valid,Valid,question_graph
1563748378.0,376.0,667.0,362.0,702.0,389.0,632.0,Valid,Valid,question_graph
1563765018.0,370.0,659.0,357.0,701.0,382.0,616.0,Valid,Valid,question_graph
1563782266.0,367.0,655.0,359.0,699.0,376.0,610.0,Valid,Valid,question_graph
1563798248.0,394.0,632.0,389.0,655.0,398.0,608.0,Valid,Valid,question_graph
1563815030.0,441.0,579.0,441.0,584.0,442.0,574.0,Valid,Valid,question_graph
1563832186.0,441.0,586.0,453.0,602.0,428.0,570.0,Valid,Valid,question_graph
1563848214.0,438.0,583.0,447.0,600.0,429.0,566.0,Valid,Valid,question_graph
1563864849.0,434.0,585.0,447.0,600.0,420.0,570.0,Valid,Valid,question_graph
1563882106.0,427.0,578.0,449.0,602.0,405.0,554.0,Valid,Valid,question_graph
1563898180.0,426.0,571.0,448.0,588.0,403.0,555.0,Valid,Valid,question_graph
1563914765.0,423.0,570.0,445.0,591.0,400.0,549.0,Valid,Valid,question_graph
1563932026.0,419.0,571.0,446.0,594.0,393.0,549.0,Valid,Valid,question_graph
1563948049.0,424.0,570.0,455.0,591.0,393.0,550.0,Valid,Valid,question_graph
1563964777.0,418.0,566.0,444.0,585.0,392.0,546.0,Valid,Valid,question_graph
1563981945.0,428.0,564.0,457.0,588.0,399.0,541.0,Valid,Valid,question_graph
1563998015.0,432.0,565.0,463.0,589.0,400.0,542.0,Valid,Valid,question_graph
1564014692.0,430.0,565.0,451.0,582.0,409.0,548.0,Valid,Valid,question_graph
1564031866.0,429.0,562.0,446.0,578.0,411.0,545.0,Valid,Valid,question_graph
1564047981.0,426.0,565.0,446.0,584.0,407.0,545.0,Valid,Valid,question_graph
1564064607.0,433.0,567.0,451.0,589.0,415.0,545.0,Valid,Valid,question_graph
1564081786.0,445.0,578.0,454.0,611.0,437.0,545.0,Valid,Valid,question_graph
1564097851.0,566.0,591.0,562.0,623.0,569.0,559.0,Valid,Valid,question_graph
1564114523.0,937.0,574.0,899.0,612.0,976.0,537.0,Valid,Valid,opt-2
1564131706.0,1312.0,562.0,1326.0,595.0,1299.0,530.0,Valid,Valid,opt-2
1564147720.0,1465.0,579.0,1494.0,594.0,1435.0,564.0,Valid,Valid,opt-2
1564164438.0,1487.0,590.0,1512.0,602.0,1462.0,577.0,Valid,Valid,opt-2
1564181626.0,1482.0,590.0,1507.0,601.0,1458.0,578.0,Valid,Valid,opt-2
1564197589.0,1477.0,591.0,1503.0,600.0,1451.0,581.0,Valid,Valid,opt-2
1564214354.0,1486.0,603.0,1510.0,611.0,1462.0,594.0,Valid,Valid,opt-2
1564231546.0,1486.0,604.0,1507.0,614.0,1464.0,594.0,Valid,Valid,opt-2
1564247459.0,1479.0,595.0,1501.0,610.0,1457.0,580.0,Valid,Valid,opt-2
1564264269.0,1468.0,602.0,1493.0,613.0,1444.0,591.0,Valid,Valid,opt-2
1564281466.0,1457.0,613.0,1476.0,633.0,1437.0,593.0,Valid,Valid,opt-2
1564297425.0,1464.0,610.0,1485.0,641.0,1442.0,579.0,Valid,Valid,opt-2
1564314184.0,1454.0,598.0,1466.0,613.0,1442.0,582.0,Valid,Valid,opt-2
1564331386.0,1460.0,601.0,1474.0,619.0,1447.0,582.0,Valid,Valid,opt-2
1564347294.0,1463.0,596.0,1473.0,616.0,1453.0,576.0,Valid,Valid,opt-2
1564364100.0,1461.0,604.0,1475.0,630.0,1447.0,577.0,Valid,Valid,opt-2
1564381305.0,1456.0,625.0,1473.0,656.0,1439.0,594.0,Valid,Valid,opt-2
1564397260.0,1445.0,630.0,1463.0,661.0,1428.0,600.0,Valid,Valid,opt-2
1564414015.0,1437.0,631.0,1467.0,663.0,1407.0,598.0,Valid,Valid,opt-2
1564431226.0,1434.0,630.0,1465.0,668.0,1404.0,592.0,Valid,Valid,opt-2
1564447130.0,1440.0,627.0,1471.0,661.0,1409.0,593.0,Valid,Valid,opt-2
1564463931.0,1435.0,631.0,1466.0,664.0,1404.0,598.0,Valid,Valid,opt-2
1564481146.0,1436.0,634.0,1465.0,665.0,1408.0,602.0,Valid,Valid,opt-2
1564497095.0,1444.0,630.0,1471.0,669.0,1416.0,591.0,Valid,Valid,opt-2
1564513846.0,1453.0,637.0,1480.0,667.0,1426.0,606.0,Valid,Valid,opt-2
1564531066.0,1446.0,628.0,1472.0,657.0,1420.0,598.0,Valid,Valid,opt-2
1564546965.0,1445.0,631.0,1472.0,661.0,1419.0,601.0,Valid,Valid,opt-2
1564563858.0,1445.0,629.0,1473.0,658.0,1416.0,600.0,Valid,Valid,opt-2
1564580986.0,1435.0,631.0,1460.0,654.0,1411.0,608.0,Valid,Valid,opt-2
1564596931.0,1438.0,628.0,1463.0,648.0,1413.0,608.0,Valid,Valid,opt-2
1564613773.0,1440.0,624.0,1459.0,646.0,1421.0,603.0,Valid,Valid,opt-2
1564630906.0,1436.0,629.0,1468.0,653.0,1404.0,606.0,Valid,Valid,opt-2
1564646800.0,1432.0,629.0,1462.0,644.0,1403.0,614.0,Valid,Valid,opt-2
1564663689.0,1435.0,634.0,1462.0,652.0,1409.0,615.0,Valid,Valid,opt-2
1564680826.0,1438.0,628.0,1466.0,637.0,1409.0,619.0,Valid,Valid,opt-2
1564696766.0,1436.0,621.0,1465.0,629.0,1408.0,613.0,Valid,Valid,opt-2
1564713604.0,1435.0,626.0,1461.0,637.0,1408.0,615.0,Valid,Valid,opt-2
1564730745.0,1431.0,634.0,1447.0,648.0,1415.0,621.0,Valid,Valid,opt-2
1564746732.0,1424.0,643.0,1437.0,660.0,1412.0,625.0,Valid,Valid,opt-1
1564763519.0,1357.0,639.0,1367.0,667.0,1348.0,611.0,Valid,Valid,opt-2
1564780666.0,1210.0,648.0,1187.0,668.0,1234.0,628.0,Valid,Valid,opt-1
1564796602.0,1146.0,650.0,1136.0,664.0,1156.0,636.0,Valid,Valid,opt-1
1564813435.0,1128.0,639.0,1123.0,664.0,1133.0,615.0,Valid,Valid,opt-2
1564830586.0,1115.0,650.0,1123.0,676.0,1107.0,624.0,Valid,Valid,opt-1
1564846568.0,1119.0,648.0,1136.0,673.0,1102.0,623.0,Valid,Valid,opt-1
1564863350.0,1116.0,633.0,1139.0,651.0,1093.0,615.0,Valid,Valid,opt-2
1564880506.0,1122.0,644.0,1138.0,666.0,1106.0,622.0,Valid,Valid,opt-1
1564896534.0,1120.0,645.0,1127.0,667.0,1114.0,622.0,Valid,Valid,opt-1
1564913266.0,1120.0,642.0,1135.0,669.0,1105.0,614.0,Valid,Valid,opt-1
1564930426.0,1121.0,644.0,1138.0,671.0,1104.0,616.0,Valid,Valid,opt-1
1564946403.0,1116.0,642.0,1127.0,665.0,1106.0,620.0,Valid,Valid,opt-1
1564963181.0,1107.0,645.0,1114.0,675.0,1100.0,616.0,Valid,Valid,opt-1
1564980346.0,1117.0,652.0,1119.0,676.0,1116.0,629.0,Valid,Valid,opt-1
1564996369.0,1080.0,658.0,1075.0,689.0,1086.0,628.0,Valid,Valid,opt-1
1565013097.0,798.0,648.0,777.0,671.0,819.0,624.0,Valid,Valid,opt-1
1565030265.0,538.0,654.0,485.0,679.0,591.0,629.0,Valid,Valid,question_graph
1565046239.0,434.0,608.0,480.0,638.0,388.0,578.0,Valid,Valid,question_graph
1565063012.0,448.0,636.0,493.0,657.0,404.0,616.0,Valid,Valid,question_graph
1565080186.0,447.0,641.0,427.0,678.0,466.0,604.0,Valid,Valid,question_graph
1565096205.0,474.0,632.0,457.0,668.0,490.0,595.0,Valid,Valid,question_graph
1565113024.0,475.0,636.0,447.0,666.0,504.0,606.0,Valid,Valid,question_graph
1565130106.0,474.0,634.0,466.0,674.0,483.0,595.0,Valid,Valid,question_graph
1565146170.0,471.0,633.0,464.0,673.0,479.0,594.0,Valid,Valid,question_graph
1565162939.0,457.0,629.0,449.0,667.0,466.0,591.0,Valid,Valid,question_graph
1565180026.0,463.0,636.0,459.0,678.0,466.0,595.0,Valid,Valid,question_graph
1565196136.0,462.0,630.0,449.0,666.0,475.0,594.0,Valid,Valid,question_graph
1565212855.0,470.0,636.0,453.0,669.0,487.0,602.0,Valid,Valid,question_graph
1565229946.0,453.0,632.0,445.0,671.0,460.0,593.0,Valid,Valid,question_graph
1565246006.0,455.0,626.0,447.0,663.0,462.0,590.0,Valid,Valid,question_graph
1565262770.0,429.0,625.0,435.0,671.0,422.0,580.0,Valid,Valid,question_graph
1565279865.0,,,,,,,Invalid,Invalid,Outside
1565295875.0,,,,,,,Invalid,Invalid,Outside
1565312764.0,,,,,,,Invalid,Invalid,Outside
1565329537.0,,,,,,,Invalid,Invalid,Outside
1565345841.0,,,,,,,Invalid,Invalid,Outside
1565362730.0,,,,,,,Invalid,Invalid,Outside
1565379517.0,,,,,,,Invalid,Invalid,Outside
1565395807.0,1347.0,606.0,1323.0,566.0,1371.0,647.0,Valid,Valid,opt-2
1565412742.0,1341.0,569.0,1315.0,610.0,1366.0,527.0,Valid,Valid,opt-2
1565429575.0,1348.0,579.0,1326.0,623.0,1369.0,536.0,Valid,Valid,opt-2
1565445773.0,1338.0,620.0,1324.0,628.0,1352.0,613.0,Valid,Valid,opt-2
1565462657.0,1341.0,623.0,1320.0,631.0,1362.0,615.0,Valid,Valid,opt-2
1565479545.0,1356.0,633.0,1346.0,647.0,1366.0,620.0,Valid,Valid,opt-2
1565495643.0,1348.0,629.0,1341.0,650.0,1355.0,608.0,Valid,Valid,opt-2
1565512476.0,1345.0,625.0,1331.0,629.0,1359.0,621.0,Valid,Valid,opt-2
1565529466.0,1342.0,629.0,1333.0,642.0,1351.0,615.0,Valid,Valid,opt-2
1565545512.0,1345.0,622.0,1336.0,637.0,1355.0,607.0,Valid,Valid,opt-2
1565562295.0,1356.0,627.0,1350.0,639.0,1361.0,615.0,Valid,Valid,opt-2
1565579385.0,1366.0,619.0,1365.0,626.0,1367.0,611.0,Valid,Valid,opt-2
1565595382.0,1418.0,563.0,1422.0,565.0,1414.0,561.0,Valid,Valid,opt-2
1565612114.0,1448.0,545.0,1464.0,545.0,1431.0,545.0,Valid,Valid,opt-2
1565629306.0,1447.0,546.0,1456.0,544.0,1438.0,548.0,Valid,Valid,opt-2
1565645251.0,1440.0,551.0,1450.0,548.0,1431.0,554.0,Valid,Valid,opt-2
1565662029.0,1447.0,549.0,1456.0,547.0,1439.0,552.0,Valid,Valid,opt-2
1565679226.0,1448.0,549.0,1461.0,547.0,1435.0,550.0,Valid,Valid,opt-2
1565695120.0,1457.0,552.0,1471.0,553.0,1443.0,551.0,Valid,Valid,opt-2
1565711944.0,1454.0,548.0,1459.0,543.0,1450.0,553.0,Valid,Valid,opt-2
1565729145.0,1454.0,543.0,1457.0,539.0,1451.0,546.0,Valid,Valid,opt-2
1565745086.0,1455.0,538.0,1468.0,530.0,1442.0,547.0,Valid,Valid,opt-2
1565761956.0,1458.0,539.0,1474.0,531.0,1443.0,548.0,Valid,Valid,opt-2
1565779065.0,1470.0,537.0,1489.0,531.0,1452.0,544.0,Valid,Valid,opt-2
1565794956.0,1471.0,540.0,1482.0,533.0,1460.0,547.0,Valid,Valid,opt-2
1565811775.0,1470.0,539.0,1474.0,535.0,1465.0,543.0,Valid,Valid,opt-2
1565828986.0,1465.0,540.0,1463.0,535.0,1466.0,544.0,Valid,Valid,opt-2
1565844922.0,1457.0,547.0,1456.0,543.0,1459.0,551.0,Valid,Valid,opt-2
1565861787.0,1459.0,550.0,1461.0,546.0,1458.0,554.0,Valid,Valid,opt-2
1565878906.0,1455.0,552.0,1457.0,547.0,1454.0,558.0,Valid,Valid,opt-2
1565894888.0,1453.0,602.0,1457.0,614.0,1450.0,591.0,Valid,Valid,opt-2
1565911703.0,1441.0,649.0,1449.0,663.0,1433.0,635.0,Valid,Valid,opt-1
1565928826.0,1439.0,651.0,1450.0,660.0,1428.0,641.0,Valid,Valid,opt-1
1565944757.0,1442.0,655.0,1450.0,668.0,1435.0,643.0,Valid,Valid,opt-1
1565961618.0,1444.0,655.0,1444.0,663.0,1443.0,647.0,Valid,Valid,opt-1
1565978746.0,1445.0,649.0,1449.0,656.0,1441.0,642.0,Valid,Valid,opt-1
1565994723.0,1451.0,654.0,1458.0,659.0,1443.0,649.0,Valid,Valid,opt-1
1566011533.0,1443.0,652.0,1453.0,665.0,1433.0,639.0,Valid,Valid,opt-1
1566028666.0,1446.0,654.0,1462.0,664.0,1430.0,643.0,Valid,Valid,opt-1
1566044593.0,1442.0,658.0,1460.0,671.0,1425.0,645.0,Valid,Valid,opt-1
1566061449.0,1442.0,653.0,1461.0,661.0,1422.0,645.0,Valid,Valid,opt-1
1566078586.0,1436.0,656.0,1459.0,669.0,1413.0,643.0,Valid,Valid,opt-1
1566094559.0,1437.0,655.0,1454.0,665.0,1420.0,645.0,Valid,Valid,opt-1
1566111364.0,1439.0,653.0,1454.0,659.0,1423.0,648.0,Valid,Valid,opt-1
1566128506.0,1440.0,649.0,1452.0,655.0,1428.0,643.0,Valid,Valid,opt-1
1566144428.0,1438.0,647.0,1450.0,649.0,1426.0,645.0,Valid,Valid,opt-1
1566161280.0,1444.0,660.0,1463.0,674.0,1426.0,646.0,Valid,Valid,opt-1
1566178426.0,1444.0,658.0,1465.0,675.0,1423.0,641.0,Valid,Valid,opt-1
1566194394.0,1426.0,658.0,1442.0,667.0,1410.0,649.0,Valid,Valid,opt-1
1566211195.0,1401.0,743.0,1421.0,762.0,1381.0,724.0,Valid,Valid,opt-1
1566228346.0,1382.0,762.0,1377.0,786.0,1388.0,737.0,Valid,Valid,opt-1
1566244263.0,1383.0,764.0,1383.0,787.0,1383.0,741.0,Valid,Valid,opt-1
1566261110.0,1383.0,760.0,1378.0,783.0,1387.0,738.0,Valid,Valid,opt-1
1566278266.0,1383.0,763.0,1383.0,783.0,1383.0,742.0,Valid,Valid,opt-1
1566294229.0,1382.0,762.0,1380.0,783.0,1385.0,740.0,Valid,Valid,opt-1
1566311026.0,1377.0,754.0,1369.0,775.0,1385.0,733.0,Valid,Valid,opt-1
1566328186.0,1374.0,750.0,1373.0,764.0,1376.0,736.0,Valid,Valid,opt-1
1566344099.0,1379.0,752.0,1386.0,768.0,1372.0,736.0,Valid,Valid,opt-1
1566360941.0,1375.0,764.0,1381.0,787.0,1370.0,741.0,Valid,Valid,opt-1
1566378105.0,1373.0,758.0,1378.0,780.0,1369.0,736.0,Valid,Valid,opt-1
1566394065.0,1372.0,750.0,1370.0,767.0,1373.0,733.0,Valid,Valid,opt-1
1566410857.0,1375.0,755.0,1382.0,773.0,1369.0,736.0,Valid,Valid,opt-1
1566428025.0,1401.0,670.0,1400.0,677.0,1402.0,663.0,Valid,Valid,opt-1
1566444031.0,1437.0,524.0,1446.0,536.0,1428.0,513.0,Valid,Valid,opt-2
1566460772.0,1449.0,515.0,1465.0,527.0,1433.0,503.0,Valid,Valid,opt-2
1566477945.0,1449.0,502.0,1469.0,510.0,1428.0,494.0,Valid,Valid,opt-2
1566493900.0,1452.0,504.0,1469.0,505.0,1436.0,503.0,Valid,Valid,opt-2
1566510687.0,1447.0,505.0,1461.0,506.0,1433.0,504.0,Valid,Valid,opt-2
1566527866.0,1439.0,507.0,1447.0,511.0,1431.0,504.0,Valid,Valid,opt-2
1566543770.0,1436.0,513.0,1441.0,512.0,1431.0,513.0,Valid,Valid,opt-2
1566560603.0,1435.0,513.0,1441.0,508.0,1428.0,519.0,Valid,Valid,opt-2
1566577785.0,1436.0,512.0,1443.0,503.0,1428.0,520.0,Valid,Valid,opt-2
1566593736.0,1444.0,505.0,1448.0,498.0,1439.0,511.0,Valid,Valid,opt-2
1566610518.0,1442.0,507.0,1450.0,498.0,1433.0,515.0,Valid,Valid,opt-2
1566627706.0,1440.0,507.0,1445.0,503.0,1435.0,510.0,Valid,Valid,opt-2
1566643605.0,1439.0,507.0,1442.0,502.0,1436.0,513.0,Valid,Valid,opt-2
1566660434.0,1442.0,505.0,1449.0,502.0,1436.0,508.0,Valid,Valid,opt-2
1566677626.0,1441.0,502.0,1450.0,505.0,1433.0,500.0,Valid,Valid,opt-2
1566693571.0,1447.0,497.0,1453.0,495.0,1441.0,499.0,Valid,Valid,opt-2
1566710349.0,1451.0,501.0,1457.0,500.0,1446.0,502.0,Valid,Valid,opt-2
1566727546.0,1443.0,501.0,1455.0,504.0,1432.0,497.0,Valid,Valid,opt-2
1566743537.0,1445.0,510.0,1461.0,523.0,1429.0,497.0,Valid,Valid,opt-2
1566760361.0,1454.0,509.0,1472.0,514.0,1436.0,503.0,Valid,Valid,opt-2
1566777466.0,1450.0,506.0,1468.0,509.0,1432.0,502.0,Valid,Valid,opt-2
1566793406.0,1449.0,512.0,1464.0,518.0,1434.0,505.0,Valid,Valid,opt-2
1566810180.0,1443.0,518.0,1456.0,521.0,1430.0,515.0,Valid,Valid,opt-2
1566827385.0,1444.0,527.0,1464.0,523.0,1425.0,532.0,Valid,Valid,opt-2
1566843372.0,1442.0,521.0,1461.0,515.0,1423.0,527.0,Valid,Valid,opt-2
1566860095.0,1441.0,517.0,1458.0,517.0,1425.0,517.0,Valid,Valid,opt-2
1566877306.0,1438.0,525.0,1459.0,522.0,1418.0,528.0,Valid,Valid,opt-2
1566893242.0,1439.0,527.0,1460.0,531.0,1418.0,523.0,Valid,Valid,opt-2
1566910107.0,1442.0,527.0,1470.0,539.0,1415.0,516.0,Valid,Valid,opt-2
1566927226.0,1448.0,527.0,1468.0,543.0,1427.0,510.0,Valid,Valid,opt-2
1566943208.0,1448.0,520.0,1468.0,527.0,1428.0,514.0,Valid,Valid,opt-2
1566960023.0,1445.0,520.0,1464.0,522.0,1425.0,518.0,Valid,Valid,opt-2
1566977146.0,1445.0,522.0,1468.0,521.0,1421.0,523.0,Valid,Valid,opt-2
1566993077.0,1420.0,533.0,1437.0,541.0,1403.0,525.0,Valid,Valid,opt-2
1567009938.0,1306.0,541.0,1308.0,545.0,1304.0,537.0,Valid,Valid,opt-2
1567027075.0,1248.0,538.0,1229.0,543.0,1267.0,533.0,Valid,Valid,opt-2
1567043052.0,1244.0,538.0,1229.0,543.0,1259.0,533.0,Valid,Valid,opt-2
1567059862.0,1242.0,534.0,1232.0,532.0,1252.0,537.0,Valid,Valid,opt-2
1567076995.0,1245.0,525.0,1232.0,529.0,1259.0,521.0,Valid,Valid,opt-2
1567092922.0,1253.0,529.0,1240.0,537.0,1266.0,521.0,Valid,Valid,opt-2
1567109778.0,1249.0,529.0,1241.0,534.0,1258.0,524.0,Valid,Valid,opt-2
1567126906.0,1245.0,528.0,1235.0,539.0,1255.0,518.0,Valid,Valid,opt-2
1567142879.0,1247.0,525.0,1238.0,533.0,1256.0,516.0,Valid,Valid,opt-2
1567159693.0,1134.0,531.0,1125.0,532.0,1142.0,530.0,Valid,Valid,opt-2
1567176835.0,987.0,518.0,962.0,513.0,1011.0,523.0,Valid,Valid,opt-2
1567192758.0,950.0,525.0,936.0,512.0,964.0,538.0,Valid,Valid,opt-2
1567209600.0,931.0,530.0,919.0,529.0,944.0,530.0,Valid,Valid,opt-2
1567226745.0,923.0,527.0,923.0,525.0,924.0,530.0,Valid,Valid,opt-2
1567242714.0,931.0,528.0,936.0,529.0,927.0,527.0,Valid,Valid,opt-2
1567259515.0,934.0,526.0,937.0,520.0,931.0,532.0,Valid,Valid,opt-2
1567276666.0,938.0,523.0,946.0,512.0,929.0,533.0,Valid,Valid,opt-2
1567292680.0,939.0,522.0,952.0,514.0,926.0,531.0,Valid,Valid,opt-2
1567309430.0,939.0,526.0,952.0,521.0,927.0,530.0,Valid,Valid,opt-2
1567326586.0,865.0,542.0,867.0,538.0,864.0,546.0,Valid,Valid,opt-2
1567342549.0,827.0,544.0,826.0,545.0,828.0,542.0,Valid,Valid,opt-2
1567359346.0,822.0,535.0,823.0,543.0,821.0,527.0,Valid,Valid,opt-2
1567376506.0,825.0,533.0,824.0,543.0,825.0,523.0,Valid,Valid,opt-2
1567392515.0,828.0,534.0,819.0,545.0,838.0,524.0,Valid,Valid,opt-2
1567409261.0,829.0,534.0,823.0,544.0,835.0,523.0,Valid,Valid,opt-2
1567426425.0,828.0,526.0,826.0,539.0,829.0,512.0,Valid,Valid,opt-2
1567442385.0,823.0,528.0,814.0,536.0,832.0,520.0,Valid,Valid,opt-2
1567459176.0,821.0,529.0,810.0,537.0,831.0,522.0,Valid,Valid,opt-2
1567476345.0,818.0,527.0,811.0,535.0,824.0,519.0,Valid,Valid,opt-2
1567492351.0,821.0,530.0,819.0,543.0,824.0,517.0,Valid,Valid,opt-2
1567509092.0,822.0,533.0,819.0,544.0,825.0,523.0,Valid,Valid,opt-2
1567526266.0,820.0,538.0,814.0,551.0,826.0,524.0,Valid,Valid,opt-2
1567542220.0,822.0,533.0,820.0,549.0,824.0,516.0,Valid,Valid,opt-2
1567559007.0,811.0,526.0,813.0,544.0,809.0,508.0,Valid,Valid,opt-2
1567576186.0,813.0,526.0,809.0,544.0,818.0,509.0,Valid,Valid,opt-2
1567592186.0,815.0,530.0,810.0,548.0,819.0,513.0,Valid,Valid,opt-2
1567609019.0,825.0,530.0,820.0,544.0,830.0,516.0,Valid,Valid,opt-2
1567626106.0,814.0,531.0,813.0,545.0,815.0,518.0,Valid,Valid,opt-2
1567642056.0,814.0,533.0,811.0,545.0,818.0,521.0,Valid,Valid,opt-2
1567658838.0,815.0,528.0,814.0,540.0,816.0,517.0,Valid,Valid,opt-2
1567676025.0,811.0,532.0,810.0,544.0,812.0,520.0,Valid,Valid,opt-2
1567692021.0,818.0,527.0,823.0,542.0,812.0,511.0,Valid,Valid,opt-2
1567708754.0,819.0,530.0,825.0,545.0,813.0,515.0,Valid,Valid,opt-2
1567725946.0,817.0,535.0,815.0,553.0,819.0,517.0,Valid,Valid,opt-2
1567741988.0,819.0,538.0,822.0,557.0,816.0,520.0,Valid,Valid,opt-2
1567758669.0,822.0,540.0,814.0,558.0,829.0,522.0,Valid,Valid,opt-2
1567775866.0,821.0,543.0,812.0,556.0,829.0,530.0,Valid,Valid,opt-2
1567791857.0,817.0,546.0,812.0,560.0,823.0,533.0,Valid,Valid,opt-2
1567808584.0,812.0,544.0,804.0,559.0,821.0,529.0,Valid,Valid,opt-2
1567825786.0,815.0,542.0,811.0,558.0,819.0,526.0,Valid,Valid,opt-2
1567841726.0,820.0,543.0,814.0,549.0,825.0,537.0,Valid,Valid,opt-2
1567858596.0,826.0,548.0,822.0,561.0,830.0,535.0,Valid,Valid,opt-2
1567875706.0,822.0,549.0,817.0,565.0,827.0,534.0,Valid,Valid,opt-2
1567891692.0,814.0,552.0,809.0,567.0,819.0,536.0,Valid,Valid,opt-2
1567908512.0,822.0,553.0,819.0,567.0,825.0,540.0,Valid,Valid,opt-2
1567925625.0,830.0,554.0,832.0,570.0,827.0,537.0,Valid,Valid,opt-2
1567941658.0,824.0,540.0,822.0,555.0,825.0,524.0,Valid,Valid,opt-2
1567958427.0,710.0,634.0,703.0,644.0,716.0,624.0,Valid,Valid,question_graph
1567975545.0,485.0,796.0,461.0,842.0,509.0,749.0,Valid,Valid,question_statement
1567991528.0,384.0,939.0,370.0,998.0,399.0,880.0,Valid,Valid,question_statement
1568008343.0,383.0,961.0,385.0,1009.0,380.0,914.0,Valid,Valid,question_statement
1568025466.0,385.0,964.0,384.0,1011.0,386.0,916.0,Valid,Valid,question_statement
1568041494.0,381.0,954.0,374.0,1004.0,388.0,904.0,Valid,Valid,question_statement
1568058258.0,381.0,955.0,381.0,997.0,382.0,914.0,Valid,Valid,question_statement
1568075386.0,381.0,939.0,381.0,984.0,381.0,895.0,Valid,Valid,question_statement
1568091460.0,383.0,946.0,394.0,994.0,372.0,898.0,Valid,Valid,question_statement
1568108173.0,379.0,945.0,385.0,990.0,373.0,901.0,Valid,Valid,question_statement
1568125306.0,372.0,941.0,380.0,991.0,364.0,891.0,Valid,Valid,question_statement
1568141426.0,372.0,936.0,369.0,993.0,375.0,879.0,Valid,Valid,question_statement
1568158089.0,363.0,943.0,360.0,999.0,366.0,887.0,Valid,Valid,question_statement
1568175225.0,377.0,936.0,378.0,982.0,376.0,889.0,Valid,Valid,question_statement
1568191392.0,409.0,921.0,409.0,970.0,409.0,872.0,Valid,Valid,question_statement
1568208004.0,444.0,880.0,430.0,932.0,457.0,829.0,Valid,Valid,question_statement
1568225146.0,442.0,895.0,424.0,955.0,460.0,836.0,Valid,Valid,question_statement
1568241358.0,449.0,896.0,429.0,947.0,468.0,846.0,Valid,Valid,question_statement
1568257919.0,462.0,896.0,444.0,946.0,479.0,845.0,Valid,Valid,question_statement
1568275066.0,457.0,889.0,443.0,948.0,470.0,830.0,Valid,Valid,question_statement
1568291227.0,461.0,882.0,459.0,925.0,463.0,840.0,Valid,Valid,question_statement
1568307835.0,469.0,890.0,470.0,934.0,468.0,847.0,Valid,Valid,question_statement
1568324986.0,464.0,902.0,449.0,957.0,480.0,848.0,Valid,Valid,question_statement
1568341193.0,440.0,830.0,471.0,848.0,409.0,813.0,Valid,Valid,question_statement
1568357847.0,418.0,674.0,474.0,674.0,361.0,674.0,Valid,Valid,question_graph
1568374781.0,385.0,545.0,385.0,545.0,,,Valid,Invalid,question_graph
1568391160.0,388.0,504.0,384.0,543.0,391.0,466.0,Valid,Valid,question_graph
1568407859.0,396.0,502.0,385.0,522.0,406.0,481.0,Valid,Valid,question_graph
1568424825.0,396.0,508.0,385.0,514.0,407.0,502.0,Valid,Valid,question_graph
1568441029.0,394.0,502.0,385.0,494.0,404.0,510.0,Valid,Valid,question_graph
1568457678.0,391.0,498.0,382.0,500.0,400.0,497.0,Valid,Valid,question_graph
1568474745.0,397.0,503.0,380.0,505.0,415.0,500.0,Valid,Valid,question_graph
1568490898.0,401.0,498.0,387.0,493.0,415.0,502.0,Valid,Valid,question_graph
1568507593.0,409.0,495.0,395.0,495.0,423.0,495.0,Valid,Valid,question_graph
1568524666.0,403.0,494.0,394.0,489.0,413.0,498.0,Valid,Valid,question_graph
1568540767.0,418.0,497.0,417.0,491.0,418.0,503.0,Valid,Valid,question_graph
1568557509.0,608.0,485.0,572.0,481.0,645.0,488.0,Valid,Valid,question_graph
1568574586.0,849.0,491.0,843.0,489.0,856.0,494.0,Valid,Valid,opt-2
1568590637.0,925.0,479.0,927.0,461.0,924.0,497.0,Valid,Valid,opt-3
1568607424.0,927.0,488.0,924.0,480.0,931.0,497.0,Valid,Valid,opt-3
1568624505.0,928.0,493.0,928.0,496.0,929.0,491.0,Valid,Valid,opt-2
1568640603.0,940.0,503.0,943.0,505.0,936.0,500.0,Valid,Valid,opt-2
1568657339.0,932.0,500.0,932.0,502.0,933.0,497.0,Valid,Valid,opt-2
1568674426.0,931.0,504.0,933.0,509.0,930.0,500.0,Valid,Valid,opt-2
1568690472.0,931.0,504.0,929.0,508.0,933.0,500.0,Valid,Valid,opt-2
1568707255.0,931.0,499.0,929.0,502.0,933.0,496.0,Valid,Valid,opt-2
1568724346.0,926.0,496.0,924.0,503.0,928.0,490.0,Valid,Valid,opt-2
1568740438.0,914.0,493.0,918.0,498.0,911.0,488.0,Valid,Valid,opt-2
1568757267.0,915.0,500.0,912.0,496.0,919.0,504.0,Valid,Valid,opt-2
1568774266.0,918.0,502.0,926.0,495.0,911.0,509.0,Valid,Valid,opt-2
1568790308.0,853.0,513.0,872.0,517.0,834.0,509.0,Valid,Valid,opt-2
1568807086.0,824.0,521.0,833.0,522.0,814.0,519.0,Valid,Valid,opt-2
1568824186.0,822.0,521.0,825.0,524.0,820.0,518.0,Valid,Valid,opt-2
1568840274.0,830.0,528.0,837.0,542.0,822.0,514.0,Valid,Valid,opt-2
1568857001.0,823.0,529.0,838.0,544.0,808.0,514.0,Valid,Valid,opt-2
1568874106.0,816.0,524.0,824.0,533.0,808.0,515.0,Valid,Valid,opt-2
1568890143.0,805.0,525.0,804.0,532.0,806.0,518.0,Valid,Valid,opt-2
1568906916.0,808.0,531.0,815.0,540.0,802.0,521.0,Valid,Valid,opt-2
1568924026.0,816.0,526.0,821.0,533.0,811.0,518.0,Valid,Valid,opt-2
1568940109.0,810.0,522.0,813.0,526.0,806.0,519.0,Valid,Valid,opt-2
1568956832.0,811.0,519.0,810.0,518.0,812.0,519.0,Valid,Valid,opt-2
1568973945.0,806.0,522.0,800.0,527.0,812.0,517.0,Valid,Valid,opt-2
1568989978.0,806.0,522.0,802.0,527.0,810.0,518.0,Valid,Valid,opt-2
1569006747.0,802.0,517.0,803.0,522.0,801.0,511.0,Valid,Valid,opt-2
1569023866.0,804.0,520.0,804.0,529.0,804.0,511.0,Valid,Valid,opt-2
1569039944.0,811.0,527.0,815.0,530.0,807.0,523.0,Valid,Valid,opt-2
1569056663.0,802.0,523.0,797.0,528.0,806.0,517.0,Valid,Valid,opt-2
1569073786.0,798.0,521.0,791.0,530.0,804.0,512.0,Valid,Valid,opt-2
1569089814.0,794.0,524.0,794.0,529.0,793.0,518.0,Valid,Valid,opt-2
1569106675.0,797.0,523.0,790.0,528.0,804.0,518.0,Valid,Valid,opt-2
1569123706.0,806.0,528.0,803.0,543.0,809.0,514.0,Valid,Valid,opt-2
1569139780.0,803.0,526.0,802.0,539.0,805.0,513.0,Valid,Valid,opt-2
1569156493.0,806.0,522.0,802.0,531.0,810.0,514.0,Valid,Valid,opt-2
1569173626.0,808.0,526.0,813.0,533.0,803.0,520.0,Valid,Valid,opt-2
1569189746.0,811.0,525.0,818.0,530.0,803.0,520.0,Valid,Valid,opt-2
1569206505.0,814.0,520.0,818.0,526.0,810.0,513.0,Valid,Valid,opt-2
1569223545.0,808.0,518.0,811.0,524.0,805.0,512.0,Valid,Valid,opt-2
1569239615.0,805.0,522.0,808.0,522.0,803.0,522.0,Valid,Valid,opt-2
1569256421.0,802.0,525.0,802.0,521.0,802.0,529.0,Valid,Valid,opt-2
1569273466.0,807.0,529.0,802.0,532.0,812.0,526.0,Valid,Valid,opt-2
1569289581.0,807.0,534.0,799.0,540.0,815.0,528.0,Valid,Valid,opt-2
1569306336.0,813.0,534.0,813.0,543.0,814.0,525.0,Valid,Valid,opt-2
1569323386.0,818.0,528.0,818.0,533.0,817.0,523.0,Valid,Valid,opt-2
1569339451.0,815.0,526.0,817.0,523.0,814.0,530.0,Valid,Valid,opt-2
1569356252.0,815.0,525.0,815.0,521.0,815.0,529.0,Valid,Valid,opt-2
1569373306.0,811.0,520.0,811.0,517.0,811.0,523.0,Valid,Valid,opt-2
1569389417.0,810.0,518.0,808.0,512.0,812.0,524.0,Valid,Valid,opt-2
1569406167.0,808.0,520.0,801.0,518.0,815.0,523.0,Valid,Valid,opt-2
1569423226.0,818.0,516.0,817.0,516.0,820.0,517.0,Valid,Valid,opt-2
1569439286.0,815.0,519.0,815.0,512.0,815.0,527.0,Valid,Valid,opt-2
1569456082.0,817.0,520.0,814.0,512.0,820.0,529.0,Valid,Valid,opt-2
1569473146.0,811.0,515.0,814.0,509.0,809.0,520.0,Valid,Valid,opt-2
1569489252.0,814.0,517.0,813.0,516.0,815.0,517.0,Valid,Valid,opt-2
1569505998.0,812.0,516.0,812.0,513.0,811.0,520.0,Valid,Valid,opt-2
1569523066.0,807.0,518.0,804.0,514.0,811.0,522.0,Valid,Valid,opt-2
1569539121.0,809.0,518.0,810.0,520.0,808.0,516.0,Valid,Valid,opt-2
1569555913.0,804.0,518.0,801.0,518.0,807.0,518.0,Valid,Valid,opt-2
1569572986.0,804.0,516.0,804.0,504.0,805.0,529.0,Valid,Valid,opt-2
1569589087.0,810.0,511.0,809.0,499.0,812.0,522.0,Valid,Valid,opt-2
1569605829.0,809.0,519.0,810.0,515.0,808.0,524.0,Valid,Valid,opt-2
1569622905.0,809.0,518.0,812.0,520.0,805.0,516.0,Valid,Valid,opt-2
1569638957.0,805.0,515.0,809.0,518.0,801.0,513.0,Valid,Valid,opt-2
1569655744.0,804.0,518.0,805.0,520.0,803.0,516.0,Valid,Valid,opt-2
1569672825.0,802.0,518.0,804.0,521.0,800.0,515.0,Valid,Valid,opt-2
1569688923.0,803.0,522.0,806.0,518.0,800.0,526.0,Valid,Valid,opt-2
1569705659.0,796.0,519.0,791.0,514.0,801.0,525.0,Valid,Valid,opt-2
1569722745.0,798.0,521.0,794.0,521.0,803.0,521.0,Valid,Valid,opt-2
1569738792.0,800.0,525.0,798.0,521.0,802.0,528.0,Valid,Valid,opt-2
1569755575.0,809.0,521.0,807.0,523.0,812.0,520.0,Valid,Valid,opt-2
1569772666.0,809.0,518.0,807.0,520.0,810.0,516.0,Valid,Valid,opt-2
1569788758.0,805.0,520.0,802.0,520.0,809.0,520.0,Valid,Valid,opt-2
1569805490.0,802.0,517.0,799.0,514.0,805.0,520.0,Valid,Valid,opt-2
1569822586.0,802.0,518.0,798.0,522.0,805.0,515.0,Valid,Valid,opt-2
1569838628.0,800.0,515.0,795.0,519.0,805.0,511.0,Valid,Valid,opt-2
1569855406.0,802.0,518.0,794.0,515.0,809.0,521.0,Valid,Valid,opt-2
1569872505.0,795.0,514.0,784.0,509.0,806.0,518.0,Valid,Valid,opt-2
1569888593.0,793.0,514.0,779.0,508.0,806.0,521.0,Valid,Valid,opt-2
1569905321.0,804.0,515.0,805.0,516.0,804.0,514.0,Valid,Valid,opt-2
1569922426.0,809.0,516.0,815.0,522.0,804.0,511.0,Valid,Valid,opt-2
1569938463.0,807.0,515.0,806.0,521.0,809.0,510.0,Valid,Valid,opt-2
1569955236.0,810.0,515.0,812.0,516.0,808.0,514.0,Valid,Valid,opt-2
1569972346.0,805.0,516.0,805.0,519.0,805.0,514.0,Valid,Valid,opt-2
1569988429.0,814.0,509.0,823.0,514.0,804.0,504.0,Valid,Valid,opt-2
1570005152.0,812.0,512.0,821.0,512.0,803.0,512.0,Valid,Valid,opt-2
1570022266.0,803.0,517.0,805.0,518.0,800.0,516.0,Valid,Valid,opt-2
1570038395.0,806.0,516.0,812.0,521.0,800.0,511.0,Valid,Valid,opt-2
1570055067.0,800.0,521.0,803.0,526.0,798.0,515.0,Valid,Valid,opt-2
1570072186.0,801.0,521.0,808.0,523.0,794.0,519.0,Valid,Valid,opt-2
1570088264.0,798.0,518.0,802.0,523.0,794.0,513.0,Valid,Valid,opt-2
1570104982.0,802.0,539.0,803.0,532.0,801.0,546.0,Valid,Valid,opt-2
1570122106.0,805.0,528.0,806.0,513.0,803.0,544.0,Valid,Valid,opt-2
1570138230.0,810.0,526.0,810.0,505.0,810.0,547.0,Valid,Valid,opt-2
1570154898.0,809.0,517.0,807.0,503.0,811.0,531.0,Valid,Valid,opt-2
1570172026.0,803.0,523.0,805.0,516.0,800.0,529.0,Valid,Valid,opt-2
1570188100.0,818.0,539.0,817.0,530.0,820.0,549.0,Valid,Valid,opt-2
1570204813.0,1002.0,553.0,977.0,553.0,1026.0,553.0,Valid,Valid,opt-2
1570221946.0,1252.0,544.0,1236.0,549.0,1268.0,539.0,Valid,Valid,opt-2
1570237969.0,1324.0,551.0,1338.0,556.0,1310.0,546.0,Valid,Valid,opt-2
1570254729.0,1335.0,550.0,1361.0,567.0,1308.0,533.0,Valid,Valid,opt-2
1570271866.0,1338.0,535.0,1374.0,539.0,1302.0,531.0,Valid,Valid,opt-2
1570287935.0,1328.0,536.0,1350.0,540.0,1307.0,532.0,Valid,Valid,opt-2
1570304741.0,1313.0,539.0,1325.0,541.0,1301.0,538.0,Valid,Valid,opt-2
1570321785.0,1325.0,550.0,1331.0,558.0,1318.0,542.0,Valid,Valid,opt-2
1570337901.0,1333.0,586.0,1382.0,613.0,1284.0,558.0,Valid,Valid,opt-2
1570354656.0,,,,,,,Invalid,Invalid,Outside
1570371581.0,,,,,,,Invalid,Invalid,Outside
1570387867.0,,,,,,,Invalid,Invalid,Outside
1570404668.0,,,,,,,Invalid,Invalid,Outside
1570421368.0,,,,,,,Invalid,Invalid,Outside
1570437833.0,723.0,976.0,,,723.0,976.0,Invalid,Valid,question_statement
1570454671.0,814.0,524.0,814.0,524.0,,,Valid,Invalid,opt-2
1570471380.0,932.0,482.0,841.0,520.0,1022.0,444.0,Valid,Valid,opt-3
1570487800.0,906.0,467.0,839.0,512.0,973.0,423.0,Valid,Valid,opt-3
1570504586.0,892.0,486.0,835.0,488.0,949.0,483.0,Valid,Valid,opt-3
1570521466.0,857.0,490.0,816.0,501.0,899.0,480.0,Valid,Valid,opt-2
1570537765.0,859.0,486.0,815.0,491.0,903.0,482.0,Valid,Valid,opt-3
1570554502.0,861.0,491.0,821.0,495.0,901.0,486.0,Valid,Valid,opt-2
1570571386.0,859.0,495.0,818.0,492.0,899.0,498.0,Valid,Valid,opt-2
1570587635.0,869.0,494.0,826.0,490.0,913.0,498.0,Valid,Valid,opt-2
1570604320.0,859.0,501.0,812.0,508.0,906.0,495.0,Valid,Valid,opt-2
1570621306.0,853.0,503.0,807.0,507.0,900.0,500.0,Valid,Valid,opt-2
1570637504.0,851.0,503.0,809.0,494.0,892.0,511.0,Valid,Valid,opt-2
1570654139.0,865.0,506.0,827.0,500.0,903.0,512.0,Valid,Valid,opt-2
1570671226.0,863.0,515.0,824.0,507.0,903.0,522.0,Valid,Valid,opt-2
1570687373.0,861.0,520.0,822.0,520.0,900.0,521.0,Valid,Valid,opt-2
1570704055.0,863.0,529.0,830.0,528.0,896.0,530.0,Valid,Valid,opt-2
1570721146.0,863.0,526.0,826.0,520.0,901.0,531.0,Valid,Valid,opt-2
1570737243.0,861.0,532.0,822.0,524.0,900.0,540.0,Valid,Valid,opt-2
1570753970.0,837.0,526.0,793.0,519.0,881.0,534.0,Valid,Valid,opt-2
1570771066.0,827.0,541.0,788.0,537.0,865.0,545.0,Valid,Valid,opt-2
1570787112.0,825.0,541.0,804.0,528.0,847.0,554.0,Valid,Valid,opt-2
1570803982.0,823.0,548.0,804.0,546.0,841.0,551.0,Valid,Valid,opt-2
1570820986.0,835.0,546.0,818.0,544.0,853.0,548.0,Valid,Valid,opt-2
1570837078.0,834.0,544.0,819.0,544.0,850.0,543.0,Valid,Valid,opt-2
1570853897.0,821.0,546.0,800.0,542.0,843.0,549.0,Valid,Valid,opt-2
1570870906.0,820.0,544.0,797.0,530.0,844.0,558.0,Valid,Valid,opt-2
1570887044.0,823.0,536.0,806.0,527.0,841.0,546.0,Valid,Valid,opt-2
1570903716.0,821.0,532.0,802.0,521.0,840.0,542.0,Valid,Valid,opt-2
1570920826.0,826.0,538.0,808.0,530.0,845.0,546.0,Valid,Valid,opt-2
1570936914.0,827.0,530.0,808.0,528.0,847.0,531.0,Valid,Valid,opt-2
1570953728.0,825.0,534.0,807.0,532.0,842.0,537.0,Valid,Valid,opt-2
1570970745.0,824.0,537.0,808.0,535.0,839.0,538.0,Valid,Valid,opt-2
1570986783.0,819.0,531.0,800.0,527.0,838.0,535.0,Valid,Valid,opt-2
1571003644.0,814.0,528.0,795.0,520.0,832.0,535.0,Valid,Valid,opt-2
1571020666.0,815.0,533.0,802.0,524.0,828.0,541.0,Valid,Valid,opt-2
1571036749.0,814.0,528.0,808.0,525.0,820.0,530.0,Valid,Valid,opt-2
1571053560.0,810.0,515.0,805.0,512.0,814.0,518.0,Valid,Valid,opt-2
1571070586.0,809.0,515.0,801.0,512.0,817.0,518.0,Valid,Valid,opt-2
1571086618.0,803.0,512.0,795.0,511.0,812.0,513.0,Valid,Valid,opt-2
1571103475.0,808.0,518.0,801.0,513.0,816.0,523.0,Valid,Valid,opt-2
1571120505.0,808.0,512.0,800.0,513.0,817.0,512.0,Valid,Valid,opt-2
1571136584.0,800.0,513.0,792.0,522.0,808.0,504.0,Valid,Valid,opt-2
1571153390.0,797.0,511.0,784.0,517.0,809.0,505.0,Valid,Valid,opt-2
1571170426.0,801.0,518.0,788.0,525.0,814.0,512.0,Valid,Valid,opt-2
1571186550.0,803.0,510.0,793.0,510.0,813.0,509.0,Valid,Valid,opt-2
1571203305.0,804.0,504.0,795.0,505.0,812.0,503.0,Valid,Valid,opt-2
1571220346.0,799.0,506.0,785.0,505.0,814.0,507.0,Valid,Valid,opt-2
1571236420.0,808.0,511.0,790.0,507.0,826.0,515.0,Valid,Valid,opt-2
1571253221.0,806.0,513.0,797.0,513.0,814.0,513.0,Valid,Valid,opt-2
1571270266.0,805.0,514.0,800.0,514.0,809.0,514.0,Valid,Valid,opt-2
1571286386.0,803.0,516.0,794.0,518.0,812.0,514.0,Valid,Valid,opt-2
1571303136.0,807.0,512.0,802.0,509.0,813.0,516.0,Valid,Valid,opt-2
1571320185.0,806.0,514.0,795.0,522.0,818.0,505.0,Valid,Valid,opt-2
1571336352.0,804.0,519.0,789.0,532.0,818.0,506.0,Valid,Valid,opt-2
1571353052.0,809.0,523.0,800.0,532.0,818.0,514.0,Valid,Valid,opt-2
1571370106.0,800.0,513.0,788.0,511.0,812.0,516.0,Valid,Valid,opt-2
1571386221.0,805.0,511.0,787.0,506.0,823.0,516.0,Valid,Valid,opt-2
1571402967.0,814.0,511.0,798.0,503.0,830.0,520.0,Valid,Valid,opt-2
1571420026.0,799.0,520.0,788.0,517.0,811.0,523.0,Valid,Valid,opt-2
1571436187.0,802.0,511.0,789.0,511.0,816.0,511.0,Valid,Valid,opt-2
1571452882.0,807.0,506.0,788.0,503.0,825.0,509.0,Valid,Valid,opt-2
1571469946.0,796.0,511.0,787.0,514.0,805.0,508.0,Valid,Valid,opt-2
1571486057.0,799.0,519.0,798.0,521.0,800.0,517.0,Valid,Valid,opt-2
1571502798.0,810.0,518.0,804.0,510.0,815.0,525.0,Valid,Valid,opt-2
1571519866.0,797.0,519.0,785.0,514.0,808.0,524.0,Valid,Valid,opt-2
1571536023.0,806.0,513.0,796.0,517.0,815.0,509.0,Valid,Valid,opt-2
1571552810.0,807.0,508.0,795.0,510.0,818.0,505.0,Valid,Valid,opt-2
1571569786.0,805.0,509.0,805.0,509.0,804.0,509.0,Valid,Valid,opt-2
1571585892.0,805.0,513.0,808.0,515.0,802.0,511.0,Valid,Valid,opt-2
1571602629.0,805.0,510.0,805.0,514.0,806.0,505.0,Valid,Valid,opt-2
1571619705.0,799.0,500.0,796.0,496.0,802.0,504.0,Valid,Valid,opt-2
1571635858.0,783.0,489.0,781.0,475.0,785.0,502.0,Valid,Valid,opt-3
1571652544.0,632.0,491.0,616.0,482.0,648.0,500.0,Valid,Valid,question_graph
1571669625.0,442.0,484.0,418.0,480.0,466.0,489.0,Valid,Valid,question_graph
1571685727.0,423.0,489.0,416.0,489.0,431.0,489.0,Valid,Valid,question_graph
1571702459.0,417.0,481.0,422.0,483.0,412.0,479.0,Valid,Valid,question_graph
1571719546.0,416.0,475.0,414.0,467.0,418.0,484.0,Valid,Valid,question_graph
1571735597.0,402.0,474.0,386.0,474.0,418.0,474.0,Valid,Valid,question_graph
1571752375.0,390.0,476.0,377.0,480.0,403.0,472.0,Valid,Valid,question_graph
1571769466.0,406.0,476.0,397.0,468.0,415.0,483.0,Valid,Valid,question_graph
1571785563.0,401.0,479.0,385.0,476.0,418.0,483.0,Valid,Valid,question_graph
1571802290.0,390.0,480.0,377.0,476.0,404.0,484.0,Valid,Valid,question_graph
1571819386.0,396.0,484.0,389.0,475.0,403.0,493.0,Valid,Valid,question_graph
1571835529.0,389.0,483.0,385.0,475.0,393.0,490.0,Valid,Valid,question_graph
1571852206.0,398.0,474.0,394.0,468.0,402.0,480.0,Valid,Valid,question_graph
1571869306.0,397.0,477.0,385.0,473.0,408.0,480.0,Valid,Valid,question_graph
1571885398.0,402.0,468.0,401.0,451.0,403.0,486.0,Valid,Valid,question_graph
1571902121.0,400.0,464.0,397.0,455.0,403.0,472.0,Valid,Valid,question_graph
1571919225.0,398.0,462.0,396.0,460.0,401.0,464.0,Valid,Valid,question_graph
1571935364.0,403.0,463.0,401.0,457.0,406.0,468.0,Valid,Valid,question_graph
1571952036.0,405.0,469.0,403.0,467.0,406.0,471.0,Valid,Valid,question_graph
1571969146.0,402.0,468.0,411.0,461.0,394.0,475.0,Valid,Valid,question_graph
1571985330.0,458.0,468.0,459.0,468.0,458.0,468.0,Valid,Valid,question_graph
1572001952.0,703.0,453.0,666.0,446.0,740.0,461.0,Valid,Valid,question_graph
1572019066.0,1035.0,437.0,1027.0,424.0,1042.0,450.0,Valid,Valid,opt-3
1572035200.0,1188.0,445.0,1190.0,431.0,1186.0,459.0,Valid,Valid,opt-3
1572051867.0,1181.0,439.0,1187.0,421.0,1175.0,457.0,Valid,Valid,opt-3
1572068986.0,1183.0,436.0,1192.0,414.0,1174.0,459.0,Valid,Valid,opt-3
1572085069.0,1184.0,440.0,1185.0,423.0,1183.0,456.0,Valid,Valid,opt-3
1572101880.0,1191.0,444.0,1191.0,425.0,1191.0,462.0,Valid,Valid,opt-3
1572118906.0,1184.0,448.0,1175.0,434.0,1193.0,462.0,Valid,Valid,opt-3
1572135035.0,1195.0,440.0,1188.0,420.0,1203.0,459.0,Valid,Valid,opt-3
1572151698.0,1196.0,440.0,1190.0,425.0,1202.0,455.0,Valid,Valid,opt-3
1572168826.0,1201.0,448.0,1194.0,433.0,1207.0,463.0,Valid,Valid,opt-3
1572184904.0,1192.0,450.0,1189.0,439.0,1194.0,462.0,Valid,Valid,opt-3
1572201710.0,1194.0,441.0,1189.0,431.0,1199.0,451.0,Valid,Valid,opt-3
1572218746.0,1197.0,438.0,1186.0,425.0,1208.0,452.0,Valid,Valid,opt-3
1572234870.0,1203.0,434.0,1195.0,413.0,1210.0,456.0,Valid,Valid,opt-3
1572251625.0,1202.0,440.0,1192.0,428.0,1212.0,452.0,Valid,Valid,opt-3
1572268666.0,1195.0,435.0,1181.0,419.0,1210.0,450.0,Valid,Valid,opt-3
1572284740.0,1199.0,441.0,1186.0,436.0,1211.0,446.0,Valid,Valid,opt-3
1572301444.0,1201.0,443.0,1189.0,432.0,1213.0,454.0,Valid,Valid,opt-3
1572318586.0,1205.0,451.0,1197.0,445.0,1213.0,457.0,Valid,Valid,opt-3
1572334706.0,1204.0,441.0,1190.0,433.0,1219.0,449.0,Valid,Valid,opt-3
1572351360.0,1205.0,441.0,1196.0,427.0,1214.0,455.0,Valid,Valid,opt-3
1572368505.0,1194.0,444.0,1179.0,435.0,1210.0,453.0,Valid,Valid,opt-3
1572384575.0,1197.0,445.0,1187.0,428.0,1208.0,463.0,Valid,Valid,opt-3
1572401372.0,1229.0,459.0,1229.0,454.0,1228.0,465.0,Valid,Valid,opt-3
1572418426.0,1359.0,469.0,1360.0,462.0,1358.0,476.0,Valid,Valid,opt-3
1572434541.0,1448.0,484.0,1459.0,475.0,1436.0,492.0,Valid,Valid,opt-3
1572451287.0,1449.0,485.0,1468.0,466.0,1431.0,503.0,Valid,Valid,opt-3
1572468346.0,1452.0,480.0,1471.0,463.0,1434.0,497.0,Valid,Valid,opt-3
1572484411.0,1452.0,487.0,1471.0,474.0,1433.0,499.0,Valid,Valid,opt-3
1572501202.0,1449.0,484.0,1474.0,468.0,1424.0,499.0,Valid,Valid,opt-3
1572518265.0,1456.0,484.0,1481.0,465.0,1430.0,504.0,Valid,Valid,opt-3
1572534377.0,1451.0,488.0,1474.0,480.0,1428.0,496.0,Valid,Valid,opt-3
1572551118.0,1456.0,486.0,1479.0,476.0,1432.0,496.0,Valid,Valid,opt-3
1572568185.0,1461.0,482.0,1489.0,462.0,1434.0,501.0,Valid,Valid,opt-3
1572584246.0,1468.0,495.0,1482.0,483.0,1454.0,508.0,Valid,Valid,opt-2
1572601033.0,1462.0,507.0,1471.0,497.0,1453.0,518.0,Valid,Valid,opt-2
1572618106.0,1460.0,497.0,1471.0,481.0,1449.0,513.0,Valid,Valid,opt-2
1572634212.0,1456.0,499.0,1461.0,486.0,1451.0,513.0,Valid,Valid,opt-2
1572650949.0,1458.0,494.0,1468.0,478.0,1447.0,509.0,Valid,Valid,opt-2
1572668026.0,1459.0,487.0,1476.0,470.0,1442.0,505.0,Valid,Valid,opt-3
1572684081.0,1450.0,499.0,1462.0,485.0,1437.0,513.0,Valid,Valid,opt-2
1572700864.0,1460.0,497.0,1477.0,484.0,1444.0,510.0,Valid,Valid,opt-2
1572717946.0,1453.0,497.0,1473.0,481.0,1432.0,513.0,Valid,Valid,opt-2
1572733951.0,1452.0,504.0,1464.0,490.0,1439.0,518.0,Valid,Valid,opt-2
1572750779.0,1457.0,500.0,1474.0,487.0,1441.0,513.0,Valid,Valid,opt-2
1572767866.0,1462.0,497.0,1480.0,489.0,1443.0,505.0,Valid,Valid,opt-2
1572783917.0,1456.0,503.0,1471.0,494.0,1441.0,511.0,Valid,Valid,opt-2
1572800695.0,1461.0,499.0,1474.0,485.0,1447.0,513.0,Valid,Valid,opt-2
1572817786.0,1459.0,492.0,1477.0,472.0,1441.0,511.0,Valid,Valid,opt-2
1572833883.0,1456.0,494.0,1474.0,480.0,1438.0,507.0,Valid,Valid,opt-2
1572850610.0,1456.0,498.0,1476.0,486.0,1437.0,510.0,Valid,Valid,opt-2
1572867706.0,1453.0,503.0,1471.0,491.0,1435.0,515.0,Valid,Valid,opt-2
1572883752.0,1459.0,501.0,1474.0,489.0,1444.0,512.0,Valid,Valid,opt-2
1572900525.0,1451.0,501.0,1463.0,490.0,1439.0,512.0,Valid,Valid,opt-2
1572917626.0,1451.0,503.0,1465.0,491.0,1437.0,515.0,Valid,Valid,opt-2
1572933718.0,1446.0,499.0,1474.0,482.0,1418.0,515.0,Valid,Valid,opt-2
1572950441.0,1448.0,498.0,1472.0,483.0,1424.0,513.0,Valid,Valid,opt-2
1572967546.0,1438.0,505.0,1458.0,499.0,1418.0,510.0,Valid,Valid,opt-2
1572983588.0,1289.0,524.0,1277.0,531.0,1301.0,518.0,Valid,Valid,opt-2
1573000453.0,998.0,504.0,982.0,500.0,1015.0,508.0,Valid,Valid,opt-2
1573017466.0,891.0,511.0,892.0,504.0,891.0,518.0,Valid,Valid,opt-2
1573033553.0,878.0,509.0,887.0,521.0,869.0,498.0,Valid,Valid,opt-2
1573050368.0,866.0,504.0,879.0,513.0,854.0,494.0,Valid,Valid,opt-2
1573067386.0,864.0,502.0,885.0,509.0,844.0,494.0,Valid,Valid,opt-2
1573083423.0,868.0,491.0,881.0,493.0,855.0,489.0,Valid,Valid,opt-2
1573100284.0,870.0,498.0,883.0,505.0,856.0,490.0,Valid,Valid,opt-2
1573117305.0,870.0,496.0,887.0,490.0,853.0,502.0,Valid,Valid,opt-2
1573133389.0,864.0,492.0,881.0,486.0,848.0,498.0,Valid,Valid,opt-2
1573150200.0,864.0,494.0,874.0,480.0,855.0,508.0,Valid,Valid,opt-2
1573167226.0,864.0,501.0,874.0,493.0,855.0,509.0,Valid,Valid,opt-2
1573183258.0,868.0,501.0,876.0,495.0,860.0,507.0,Valid,Valid,opt-2
1573200115.0,839.0,508.0,858.0,495.0,820.0,521.0,Valid,Valid,opt-2
1573217146.0,824.0,510.0,837.0,499.0,811.0,522.0,Valid,Valid,opt-2
1573233224.0,819.0,510.0,835.0,507.0,804.0,513.0,Valid,Valid,opt-2
1573250030.0,823.0,525.0,834.0,525.0,811.0,525.0,Valid,Valid,opt-2
1573267066.0,821.0,523.0,835.0,530.0,807.0,515.0,Valid,Valid,opt-2
1573283094.0,813.0,514.0,820.0,508.0,806.0,520.0,Valid,Valid,opt-2
1573299945.0,821.0,517.0,832.0,511.0,810.0,522.0,Valid,Valid,opt-2
1573316985.0,817.0,516.0,831.0,509.0,803.0,523.0,Valid,Valid,opt-2
1573333060.0,819.0,517.0,832.0,518.0,807.0,517.0,Valid,Valid,opt-2
1573349861.0,823.0,517.0,839.0,518.0,806.0,516.0,Valid,Valid,opt-2
1573366906.0,833.0,508.0,851.0,500.0,816.0,515.0,Valid,Valid,opt-2
1573382929.0,827.0,510.0,851.0,503.0,803.0,517.0,Valid,Valid,opt-2
1573399776.0,825.0,509.0,849.0,498.0,801.0,521.0,Valid,Valid,opt-2
1573416826.0,829.0,509.0,857.0,502.0,801.0,517.0,Valid,Valid,opt-2
1573432895.0,829.0,505.0,857.0,501.0,801.0,509.0,Valid,Valid,opt-2
1573449691.0,829.0,500.0,858.0,492.0,799.0,509.0,Valid,Valid,opt-2
1573466746.0,818.0,504.0,837.0,495.0,800.0,514.0,Valid,Valid,opt-2
1573482861.0,825.0,498.0,837.0,485.0,814.0,512.0,Valid,Valid,opt-2
1573499607.0,814.0,504.0,826.0,497.0,801.0,512.0,Valid,Valid,opt-2
1573516665.0,823.0,506.0,839.0,500.0,806.0,513.0,Valid,Valid,opt-2
1573532731.0,824.0,502.0,840.0,493.0,808.0,511.0,Valid,Valid,opt-2
1573549522.0,820.0,504.0,839.0,496.0,801.0,511.0,Valid,Valid,opt-2
1573566586.0,825.0,513.0,847.0,516.0,804.0,510.0,Valid,Valid,opt-2
1573582697.0,827.0,500.0,857.0,492.0,798.0,508.0,Valid,Valid,opt-2
1573599438.0,827.0,504.0,853.0,490.0,801.0,517.0,Valid,Valid,opt-2
1573616506.0,823.0,502.0,837.0,495.0,809.0,508.0,Valid,Valid,opt-2
1573632566.0,824.0,501.0,842.0,487.0,807.0,514.0,Valid,Valid,opt-2
1573649353.0,823.0,498.0,840.0,486.0,807.0,510.0,Valid,Valid,opt-2
1573666426.0,820.0,504.0,835.0,497.0,805.0,512.0,Valid,Valid,opt-2
1573682532.0,821.0,507.0,834.0,508.0,807.0,507.0,Valid,Valid,opt-2
1573699269.0,822.0,509.0,836.0,505.0,807.0,514.0,Valid,Valid,opt-2
1573716346.0,821.0,508.0,840.0,497.0,803.0,519.0,Valid,Valid,opt-2
1573732401.0,823.0,506.0,841.0,494.0,805.0,517.0,Valid,Valid,opt-2
1573749184.0,816.0,508.0,830.0,503.0,802.0,513.0,Valid,Valid,opt-2
1573766266.0,819.0,507.0,837.0,508.0,801.0,505.0,Valid,Valid,opt-2
1573782367.0,828.0,498.0,855.0,493.0,802.0,502.0,Valid,Valid,opt-2
1573799099.0,819.0,488.0,845.0,479.0,792.0,496.0,Valid,Valid,opt-3
1573816186.0,816.0,493.0,834.0,487.0,798.0,499.0,Valid,Valid,opt-2
1573832333.0,821.0,494.0,833.0,481.0,810.0,506.0,Valid,Valid,opt-2
1573849015.0,829.0,505.0,848.0,506.0,809.0,505.0,Valid,Valid,opt-2
1573866106.0,823.0,507.0,843.0,513.0,804.0,502.0,Valid,Valid,opt-2
1573882203.0,825.0,493.0,840.0,492.0,810.0,493.0,Valid,Valid,opt-2
1573898930.0,824.0,493.0,832.0,490.0,816.0,496.0,Valid,Valid,opt-2
1573916026.0,824.0,496.0,829.0,492.0,819.0,499.0,Valid,Valid,opt-2
1573932169.0,824.0,499.0,836.0,496.0,812.0,501.0,Valid,Valid,opt-2
1573948942.0,821.0,502.0,836.0,502.0,805.0,503.0,Valid,Valid,opt-2
1573965946.0,814.0,501.0,821.0,501.0,808.0,501.0,Valid,Valid,opt-2
1573982038.0,821.0,497.0,828.0,493.0,815.0,500.0,Valid,Valid,opt-2
1573998761.0,816.0,493.0,827.0,486.0,806.0,501.0,Valid,Valid,opt-2
1574015866.0,814.0,499.0,,,814.0,499.0,Invalid,Valid,opt-2
1574032004.0,832.0,498.0,842.0,500.0,822.0,497.0,Valid,Valid,opt-2
1574048773.0,830.0,495.0,840.0,490.0,820.0,501.0,Valid,Valid,opt-2
1574065786.0,824.0,497.0,830.0,494.0,819.0,500.0,Valid,Valid,opt-2
1574081874.0,817.0,498.0,822.0,498.0,812.0,498.0,Valid,Valid,opt-2
1574098688.0,821.0,504.0,828.0,507.0,814.0,501.0,Valid,Valid,opt-2
1574115706.0,820.0,500.0,823.0,505.0,817.0,495.0,Valid,Valid,opt-2
1574131839.0,827.0,487.0,839.0,484.0,815.0,491.0,Valid,Valid,opt-3
1574148604.0,830.0,489.0,848.0,489.0,812.0,489.0,Valid,Valid,opt-3
1574165626.0,809.0,497.0,,,809.0,497.0,Invalid,Valid,opt-2
1574181709.0,818.0,498.0,824.0,506.0,811.0,491.0,Valid,Valid,opt-2
1574198520.0,829.0,494.0,840.0,496.0,818.0,493.0,Valid,Valid,opt-2
1574215546.0,828.0,491.0,844.0,489.0,813.0,494.0,Valid,Valid,opt-2
1574231675.0,826.0,489.0,845.0,489.0,807.0,489.0,Valid,Valid,opt-3
1574248435.0,830.0,483.0,845.0,485.0,815.0,482.0,Valid,Valid,opt-3
1574265466.0,831.0,492.0,847.0,492.0,815.0,491.0,Valid,Valid,opt-2
1574281544.0,826.0,489.0,843.0,490.0,809.0,488.0,Valid,Valid,opt-3
1574298350.0,826.0,487.0,844.0,484.0,808.0,490.0,Valid,Valid,opt-3
1574315385.0,832.0,488.0,853.0,486.0,811.0,490.0,Valid,Valid,opt-3
1574331510.0,829.0,491.0,841.0,489.0,817.0,493.0,Valid,Valid,opt-2
1574348265.0,826.0,487.0,840.0,482.0,813.0,492.0,Valid,Valid,opt-3
1574365305.0,826.0,483.0,840.0,473.0,813.0,492.0,Valid,Valid,opt-3
1574381476.0,829.0,477.0,845.0,473.0,813.0,481.0,Valid,Valid,opt-3
1574398181.0,827.0,475.0,839.0,472.0,814.0,478.0,Valid,Valid,opt-3
1574415225.0,821.0,490.0,831.0,496.0,811.0,484.0,Valid,Valid,opt-2
1574431346.0,829.0,489.0,847.0,487.0,812.0,490.0,Valid,Valid,opt-3
1574448096.0,822.0,484.0,837.0,481.0,806.0,488.0,Valid,Valid,opt-3
1574465146.0,821.0,481.0,832.0,484.0,809.0,479.0,Valid,Valid,opt-3
1574481215.0,827.0,480.0,841.0,482.0,813.0,478.0,Valid,Valid,opt-3
1574498012.0,823.0,477.0,836.0,473.0,809.0,481.0,Valid,Valid,opt-3
1574515066.0,826.0,476.0,847.0,467.0,804.0,484.0,Valid,Valid,opt-3
1574531181.0,828.0,477.0,846.0,470.0,809.0,483.0,Valid,Valid,opt-3
1574547927.0,824.0,476.0,834.0,471.0,814.0,481.0,Valid,Valid,opt-3
1574564985.0,827.0,482.0,840.0,478.0,814.0,486.0,Valid,Valid,opt-3
1574581051.0,823.0,475.0,841.0,470.0,806.0,481.0,Valid,Valid,opt-3
1574597842.0,825.0,479.0,841.0,475.0,809.0,484.0,Valid,Valid,opt-3
1574614906.0,817.0,481.0,,,817.0,481.0,Invalid,Valid,opt-3
1574631017.0,828.0,477.0,841.0,468.0,815.0,486.0,Valid,Valid,opt-3
1574647758.0,833.0,475.0,856.0,472.0,810.0,478.0,Valid,Valid,opt-3
1574664826.0,811.0,477.0,,,811.0,477.0,Invalid,Valid,opt-3
1574680983.0,818.0,485.0,827.0,486.0,810.0,484.0,Valid,Valid,opt-3
1574697673.0,828.0,485.0,845.0,490.0,811.0,479.0,Valid,Valid,opt-3
1574714746.0,834.0,477.0,847.0,476.0,820.0,479.0,Valid,Valid,opt-3
1574730852.0,832.0,480.0,847.0,484.0,817.0,476.0,Valid,Valid,opt-3
1574747589.0,832.0,487.0,847.0,490.0,817.0,484.0,Valid,Valid,opt-3
1574764665.0,835.0,484.0,849.0,490.0,822.0,478.0,Valid,Valid,opt-3
1574780818.0,838.0,477.0,853.0,483.0,823.0,472.0,Valid,Valid,opt-3
1574797504.0,835.0,479.0,847.0,485.0,823.0,474.0,Valid,Valid,opt-3
1574814585.0,838.0,484.0,851.0,483.0,825.0,486.0,Valid,Valid,opt-3
1574830687.0,838.0,482.0,849.0,480.0,827.0,484.0,Valid,Valid,opt-3
1574847419.0,839.0,485.0,844.0,475.0,833.0,495.0,Valid,Valid,opt-3
1574864506.0,836.0,479.0,849.0,462.0,824.0,497.0,Valid,Valid,opt-3
1574880653.0,836.0,484.0,848.0,483.0,824.0,485.0,Valid,Valid,opt-3
1574897335.0,829.0,480.0,837.0,486.0,820.0,474.0,Valid,Valid,opt-3
1574914426.0,833.0,477.0,843.0,482.0,823.0,472.0,Valid,Valid,opt-3
1574930523.0,830.0,478.0,844.0,474.0,817.0,482.0,Valid,Valid,opt-3
1574947347.0,824.0,480.0,834.0,476.0,813.0,484.0,Valid,Valid,opt-3
1574964346.0,824.0,483.0,838.0,477.0,810.0,490.0,Valid,Valid,opt-3
1574980489.0,822.0,483.0,830.0,477.0,814.0,488.0,Valid,Valid,opt-3
1574997166.0,824.0,481.0,832.0,477.0,817.0,484.0,Valid,Valid,opt-3
1575014266.0,827.0,482.0,842.0,474.0,811.0,491.0,Valid,Valid,opt-3
1575030358.0,827.0,472.0,846.0,464.0,808.0,479.0,Valid,Valid,opt-3
1575047081.0,829.0,474.0,842.0,469.0,817.0,480.0,Valid,Valid,opt-3
1575064186.0,828.0,482.0,838.0,478.0,817.0,485.0,Valid,Valid,opt-3
1575080324.0,820.0,474.0,831.0,471.0,808.0,478.0,Valid,Valid,opt-3
1575097093.0,821.0,477.0,836.0,472.0,805.0,483.0,Valid,Valid,opt-3
1575114106.0,828.0,482.0,840.0,474.0,815.0,490.0,Valid,Valid,opt-3
1575130194.0,824.0,476.0,830.0,473.0,819.0,478.0,Valid,Valid,opt-3
1575147008.0,824.0,476.0,835.0,479.0,814.0,473.0,Valid,Valid,opt-3
1575164026.0,827.0,475.0,843.0,479.0,812.0,470.0,Valid,Valid,opt-3
1575180159.0,828.0,471.0,845.0,462.0,811.0,479.0,Valid,Valid,opt-3
1575196924.0,826.0,478.0,840.0,471.0,813.0,486.0,Valid,Valid,opt-3
1575213946.0,824.0,473.0,835.0,466.0,813.0,479.0,Valid,Valid,opt-3
1575230029.0,823.0,465.0,841.0,459.0,805.0,471.0,Valid,Valid,opt-3
1575246840.0,825.0,464.0,837.0,460.0,812.0,468.0,Valid,Valid,opt-3
1575263866.0,821.0,466.0,836.0,469.0,806.0,464.0,Valid,Valid,opt-3
1575279995.0,820.0,471.0,835.0,473.0,806.0,469.0,Valid,Valid,opt-3
1575296755.0,825.0,471.0,841.0,473.0,808.0,468.0,Valid,Valid,opt-3
1575313786.0,832.0,469.0,843.0,470.0,820.0,467.0,Valid,Valid,opt-3
1575329864.0,825.0,465.0,839.0,463.0,812.0,466.0,Valid,Valid,opt-3
1575346670.0,822.0,465.0,831.0,463.0,814.0,468.0,Valid,Valid,opt-3
1575363706.0,817.0,467.0,823.0,467.0,811.0,466.0,Valid,Valid,opt-3
1575379830.0,820.0,463.0,826.0,461.0,813.0,466.0,Valid,Valid,opt-3
1575396585.0,834.0,464.0,846.0,456.0,822.0,472.0,Valid,Valid,opt-3
1575413626.0,901.0,465.0,899.0,454.0,903.0,477.0,Valid,Valid,opt-3
1575429700.0,1047.0,434.0,1028.0,420.0,1066.0,448.0,Valid,Valid,opt-3
1575446501.0,1089.0,426.0,1074.0,411.0,1104.0,440.0,Valid,Valid,opt-3
1575463546.0,1091.0,420.0,1083.0,408.0,1100.0,433.0,Valid,Valid,opt-3
1575479569.0,1081.0,423.0,1067.0,405.0,1095.0,441.0,Valid,Valid,opt-3
1575496416.0,1086.0,427.0,1076.0,407.0,1095.0,447.0,Valid,Valid,opt-3
1575513466.0,1078.0,431.0,1062.0,419.0,1095.0,444.0,Valid,Valid,opt-3
1575529535.0,1077.0,435.0,1062.0,423.0,1093.0,447.0,Valid,Valid,opt-3
1575546332.0,1079.0,434.0,1062.0,420.0,1095.0,448.0,Valid,Valid,opt-3
1575563386.0,1090.0,438.0,1082.0,421.0,1098.0,455.0,Valid,Valid,opt-3
1575579405.0,1089.0,443.0,1084.0,414.0,1095.0,471.0,Valid,Valid,opt-3
1575596247.0,1090.0,444.0,1083.0,413.0,1098.0,475.0,Valid,Valid,opt-3
